keyword,location,text,target
demolished,,Just demolished a Snowball ??,0
loud%20bang,,I don't laugh out loud at many things. But man I really lol the big bang theory.,0
drought,San Francisco ; CA,ItÛªs time to do away with drought.Check out how the #cloud #IOT are helping conserve water ,1
apocalypse,Harlingen; TX,My niece just asked me 'would you be scared if there was an apocalypse here?' ????,0
bridge%20collapse,Mumbai ; India,Warne shocked over Australia's epic collapse at Trent Bridge: Johannesburg Aug 06 (ANI): Legendary Australian...,1
disaster,,I'm setting myself up for disaster,0
upheaval,,The Great Upheaval By Winik Jay  ,0
drought,Chappaqua NY and Redlands CA,U.S. record hurricane drought. ,1
deluge,Brackley Beach; PE; Canada,It's a deluge in Trois-Rivieres. About one hour to get to #legionstrackandfield ,0
windstorm,Houston,New roof and hardy up..Windstorm inspection tomorrow ,0
thunder,,I hear lightening and see thunder,1
sunk,Gaborone; Botswana,Yup. Still hasn't sunk in. ?? ,0
mayhem,107-18 79TH STREET,#NoSurrender Results: Full Metal Mayhem World Title Match Bully Ray Taken Out A Career Comes To An End and More! ,0
chemical%20emergency,Ames; Iowa,Our Chemical Spill Cleanup videos will prepare you for an emergency situation in the lab. ,1
meltdown,? miranda ? 521 mi,IM sorry for my meltdown last night lmao but I'm getting my tooth fixed Friday ??????????????????????????????????,0
derail,,BBC News - India rail crash: Trains derail in Madhya Pradesh flash flood ,1
drowning,New York,The Drowning Girl by Caitlin R. Kiernan Centipede Press Signed numbered Limited - Full reÛ_  ,0
storm,,Nike Golf Storm Fit Golf Jacket Black Medium  #SportingGoods ,0
collide,,But even if the stars and moon collide I never want you back into my life??????.,0
mudslide,,HE CALLED IT A MUDSLIDE AW,0
body%20bag,New York,Louis Vuitton Monogram Sophie Limited Edition Clutch Cross body Bag - Full read by eBay  ,0
apocalypse,Oregon; USA,GO LOOK AT GRIZZLY PEAK RIGHT NOW... It looks like the beginning of an dystopian apocalypse movie,0
violent%20storm,,Storm blitzes Traverse City disrupts Management Briefing Seminars: A violent summer storm blitzed through Tra... ,1
violent%20storm,ÌÏT: 1.50225;103.742992,Dramatic Video Shows Plane Landing During Violent Storm ,1
meltdown,,Deepak Chopra's EPIC Twitter Meltdown ,0
evacuated,Manchester,"Trafford Centre film fans angry after Odeon cinema evacuated following false fire alarm: 
 Twi...  #manchesterlite",1
rainstorm,La Puente; CA,Stuck in a rainstorm? Stay toward the middle of the road. Most streets are crowned so water tends to pool on the sides.,0
burning,,except idk them?? it's really burning ??????,0
mayhem,Somewhere between Chicago & Milwaukee,IÛªve seen lots ask about this MT #Pitchwars I asked for magic realism but not fantasy. What's the diff? ,0
mudslide,Edinburgh; Scotland,I think the mudslide cake lady will go and the hipster will unfortunately stay.,0
blight,Vancouver; BC,first off it is the #ZippoLine as no one wants to use it and the community never asked for this blight on the park #moveit,0
damage,261 5th Avenue New York; NY,Does homeowners insurance cover water damage? Here are some good things to know.  ,1
thunderstorm,Helsinki,"Thunderstorm in Helsinki
#thunder #lightning #lightningstrike #thunderstorm #nature #HelsinkiÛ_ ",1
snowstorm,Australia,bring back games from the past. Snowstorm. Tic tac toe. Battleships. Fast food. Matchwood.,0
fire%20truck,,OHGOD XD I didn't mean it so =P But you have that fire truck in the back of you to make up for it so you good xD,0
rainstorm,,Robot_Rainstorm: We have two vacancies on the #Castle Fantasy Football team! Join us. ItÛªs fun. ??,0
body%20bag,NYC,Louis Vuitton CultSierre Monogram Shoulder Bag Cross Body Bag   ,0
harm,,"sticks and stones may break my bones
but words will never harm me",0
famine,,According to a 2011 Gallup poll the more money you have the more likely you are to suffer from time famine.? AriÛ_,0
wreckage,Xi'an; China,Wreckage 'conclusively confirmed' as from missing flight MH370 via,1
screamed,'SAN ANTONIOOOOO',I SCREAMED AT THE TOP OF MY LUNGS WHEN YOU SAID YOU GUYS WOULD COME BACK TO S.A SO KEEP YOUR PROMISE  #AddTexasToNext1DTour,0
heat%20wave,liverpool ,#greatbritishbakeoff love to know where I was when all this nice weather happened! Did miss the heat wave ?? ??,0
screamed,,I just got screamed at for asking my dad to move half a step so I could get through....,0
tragedy,,Rly tragedy in MP: Some live to recount horror: ÛÏWhen I saw coaches of my train plunging into water I called ... ,1
fire,,Sitting around a fire sounds great right about now,0
debris,,#?? #???? #??? #??? MH370: Aircraft debris found on La Reunion is from missing Malaysia Airlines ...,1
ablaze,India,"Man wife get six years jail for setting ablaze house
",1
arson,,Arson suspect linked to 30 fires caught in Northern California,1
drowned,WorldWideWeb,#DW Hundreds feared drowned as migrant boat capsizes off Libya: Hundreds of migrants areÛ_ ,1
cyclone,Rome; Italy,Now on #ComDev #Asia: Radio stations in #Bangladesh broadcasting #programs ?to address the upcoming cyclone #komen ,1
obliterate,Dudetown,good sir I did not wish to but now I am forced to. I must obliterate you,0
emergency,Kuwait,Plane from New York to Kuwait diverts to UK after declaring state of emergency ,1
body%20bag,New York,New Ladies Shoulder Tote Handbag Women Cross Body Bag Faux Leather Fashion Purse - Full reÛ_  ,0
forest%20fire,port matilda pa,Our little forest fire wardens ,1
survivors,,Hiroshima survivors fight nuclear industry in Brazil Ì¢?? video ,1
disaster,los angeles,"Keeps askin me what this means
Not like i got the answers
Plus if i say the wrong thing
This might just turn into a disaster",0
apocalypse,San Francisco,It is indeed. If the apocalypse comes this week I know where I'll be :),0
emergency%20services,USA,#Breaking #News - Call for Tasmania's emergency services to be trained in horse ... -  ,1
windstorm,Austin; Texas,Windstorm board OKs rate hike before change  #politics #txlege #twia,0
detonation,,Ignition Knock (Detonation) Sensor-Senso Standard KS94,1
flames,houstn,that new lil b x chance is nothing but flames,0
disaster,,Top insurer blasts lack of Australian Govt action on disaster mitigation  via ,1
traumatised,Stage with Trey Songz,A spider has legit just run across my chest. Traumatised. For. Life.,0
,,Calgary Police Flood Road Closures in Calgary. ,1
derailment,India,Railway Minister Prabhu calls MP derailment a natural calamity ,1
blaze,,See a virtual tour of one of our listings on 547 Fir St Cannon Beach OR listed by Dorrie Caruana.,0
injuries,,Diego Costa needs to stop getting injuries urg,0
survived,South Asia,'Planted 390 years ago' it was moved to U-S. This Bonsai Survived Hiroshima But Its Story Was Nearly Lost  via,0
collapse,,"Spot fixing/match fixing ..anyone???
Or it has to be Pak SL WI RSA or BD to say this. Sham on them who say that when these team collapse",0
tornado,,then don't,0
ruin,Depok,#quote Never let your problems ruin your faith.,0
damage,Texas; USA,I liked a video  GTA 5 Online - COLLATERAL DAMAGE! (GTA V Online PC),0
volcano, ? ??????? ? ( ?? å¡ ? ? ? å¡),"nside a Dragon's belly. Or an ice cave under
a volcano| Photography
",0
hazardous,United States,DLH issues Hazardous Weather Outlook (HWO)   #WX,1
aftershock,304,'The first man gets the oyster the second man gets the shell.' Andrew Carnegie,0
nuclear%20disaster,,#Japan #Fukushima the most serious man made disaster in human history...  ÛÏa marker of radiation brain damageÛ ,1
attacked,Los Angeles; CA,I asked how did he feel attacked by julie.  I asked if he was frail.   That is all.,0
whirlwind,,Feel like I've got no control of anything that goes on in my life at the minute. #whirlwind #drained,0
destroyed,Cuttack; Orissa,i cant believe...is this d same stuart broad who was destroyed by our yuvi..????,0
meltdown,Flushing; Queens,LOL Warthen in the midst of bullpen meltdown reaching for Double Bubble. #Mets,0
collapsed,they/her,+ DID YOU SAY TO HIM!!?!?!?!' and phil actually collapsed on the gravel sobbing endlessly with a crowd watching him confused angry mad+,0
derailed,,DW was on his way to a better career than Chipper and that wasn't derailed until 2014. Shame.,0
evacuation,Na:tinixw / Hoopa; Berkeley,"Elem Pomo helping the displaced from the Rocky Fire. Please consider!
Elem Evacuation Center  via ",1
wreckage,Dublin City; Ireland,Wreckage 'Conclusively Confirmed' as From MH370: Malaysia PM: Investigators and the families of those who were...,1
obliterated,Tennessee,WACKOES like #MicheleBachman predict the WORLD will SOON be OBLITERATED by a burning firey INFERNO but can't accept #GlobalWarming!! HELLO!!,0
burned,germany,I should probably stay away from hot glue guns.. I burned one finger pretty bad,0
,,My car is so fast,0
tornado,Los Angeles,Guys he can run so fast he creates a tornado WITHOUT BREAKING A SWEAT. He makes Superman look like a slowpoke. He can be a POC.,0
ambulance,North Carolina; USA,EMS1: NY EMTs petition for $17 per hour Û÷minimum wageÛª  #ems #paramedics #ambulance,0
wreck,,wreck? wreck wreck wreck wreck wreck wreck wreck wreck wreck wreck wreck wreck?,0
inundated,UK; Republic of Ireland and Australia,Inundated with employee holiday request paperwork? Our cloud based HR software will help simplify your staffing logistics.,0
exploded,,The Dress Memes Have Officially Exploded On The Internet ,0
screaming,tx,NOW IM INTERNALLY SCREAMING,0
wreckage,Mumbai,Wreckage 'Conclusively Confirmed' as From MH370: Malaysia PM: Investigators and the families of those who were...,1
wildfire,,Media Release - Firefighters Ask Hikers to Sign-in at Local Trailheads (Parker Ridge Wildfire): Parker...  #IDFire,1
drought,, U.S. in record hurricane drought ,1
demolished,,A demolished Palestinian village comes back to life ,1
panic,,awesome thanks.,0
collapsed,Alexandria; Egypt.,Great British Bake Off's back and Dorret's chocolate gateau collapsed - JAN MOIR  ,1
battle,Baton Rouge; LA,#DU19 who gon get in this rap battle with me,0
rescue,#HarleyChick#PJNT#RunBenRun,Coastal German Shepherd Rescue OC shared a link...  #animalrescue | ,0
hurricane,Haiku; Maui; Hawaii,HURRICANE GUILLERMO LIVE NOAA TRACKING / LOOPING WED.AUG.5TH ~  ~,1
flooding,,ILL ONLY DM HOTEL INFO BECAUSE PEOPLE ARE FLOODING MY NOTIFICATIONS ASKING ME FOR INFO,0
windstorm,Palm Beach County; FL,Train falls off elevated tracks during windstorm  #Paramedic #EMS,1
devastated,The Meadow,Foto: ÛÏLove isnÛªt everything to me anymore. The last album I made [Red] was a devastated record because... ,0
army,,Beyonce Is my pick for  Fan Army #Beyhive  66,0
storm,pittsboro,Ready for this storm,1
fire,Zac Newsome loves me,well it feels like im on fire.,0
drought,,Tips so that finding the customers ego drought:,0
collapse,India,Ashes 4th Test: 10 Hilarious Twitter Reactions to Australia's collapse  by,0
blood,Itirapina; SÌ£o Paulo,#RolandoNaBeats: Ellie Goulding - My Blood | Acesse nosso site para ouvir! ,0
catastrophe,Brooklyn; NY,UPDATE: 7 of the 9 Mac Pros my company bought in May have had catastrophe failures requiring repair!,0
collided,See the barn of bleakness,"OMG OMG OMG #JustinBieber and #HarryStyles have collided in a nuclear accident at #Cern ^oo^

#HarryBeCareful ",0
stretcher,,no but a stretcher would have been nice.,0
injuries,Emirates,"Last time I checked Lots of injuries over the course of time = injury prone. 

am I wrong?",0
fear,,cause i know every man has a fear of a strong-minded woman but I say she's a keeper if she got it on her own and keeps it runnin,0
tornado,  ,Maybe that's what happens when a tornado meets a volcano,1
collapse,Swan River,I don't see the option to buy the full collapse vinyl with tee bundle just the waiting?,0
trouble,Washington; DC,Trouble with mental fog? Consider these tests: ,0
blight,Kama | 18 | France,there is a theory that makes way too much sense that says that the dwarves may be the actual origin of the blight,0
wreck,,car wreck ??,1
obliterated,New York,Obliterated,0
tragedy,,Rly tragedy in MP: Some live to recount horror ,1
flood,boston,when fizzy is sitting in the regular flood seats ...... and no one knows who she is.....,0
evacuated,WA State,Entire town of Roosevelt Wash. evacuated because of wildfire ,1
collide,Maryland;Baltimore,and even if the stars and moon collide ÛÓ oh oh! i never want you back to my life you can take your words and all... ,0
bridge%20collapse,Nigeria,This is urgentthere is currently a 3 storey building at church B/stop Oworoshoki Third mainland bridge which likely to collapse,1
avalanche,,PATRICK ROY 1998-99 UPPER DECK SPX #171 FINITE 1620 MADE COLORADO AVALANCHE MINT,0
bush%20fires,,28 Oct 1895: 'Bush Fires.',0
injuries,Rockland County; NY,West Nyack Pineview Road railroad crossing off Western Highway. Units on scene of a CSX Train vs. truck no injuries.,1
army,twitch.tv/naturalemblem26,Seeing that army of whitewalkers was the very first thing that has slightly intrigued me on GoT so far,0
demolition,,This sale and demolition trend near Metrotown is sure resulting in some poorly maintained apartments. #burnaby #changefortheworse,0
catastrophe,Wisconsin,I had 2 regular coffees + coffee today and I'm still tired.,0
fear,,I made a friend more interesting than all of y'all combined ,0
storm,,#gamefeed Warcraft 3-Inspired Mode Likely Hitting Heroes of the Storm: Let's go back to the beginning.  #VideoGame,0
hail,,#np Avenged Sevenfold - Hail To The King,0
hijacker,,Governor Allows Parole for School Bus Hijacker ,1
cliff%20fall,,#FunnyNews #Business Watch the moment a cliff collapses as huge chunks of rock fall onto a road in China  ,1
derailed,Washington DC / Nantes; France,Going to starbs it's only 70 degrees part of the metro derailed it's a beautiful morning in Washington D.C.,1
detonate,Brasil;SP,Apollo Brown - 'Detonate' f. M.O.P. | ,0
blazing,,Follow and check out his Hit Single 'Unpacked' Man its BLAZING!!!,0
danger,Atlanta Georgia ,"#FETTILOOTCH IS #SLANGLUCCI OPPRESSIONS GREATEST DANGER COMING SOON THE ALBUM 
",0
catastrophic,Toronto,'Climate change could be catastrophic -- but it does have some benefits.' Really ,0
evacuate,,Pls can alllll the nittys evacuate stockwell,0
bridge%20collapse,,Two giant cranes holding a bridge collapse into nearby homes ,1
refugees,Melbourne Australia,Captain Abbott must go down with LNP boat #refugees #christianvalues ,0
structural%20failure,,Slums are a manifestation state failure to provide housing to citizens. Illegality discourse confounds structural problems. #stopevictions,1
rescued,Bournemouth,The Finnish hip hop pioneer Paleface will be 'rescued from a drifting raft' and brought into the container later #enkelbiljett #menolippu,0
deluged,Manchester,Why are you deluged with low self-image? Take the quiz:  ,0
deluged,Pakistan,News Alerts - Glimpses: Hyderabad deluged by heavy rainfall,1
devastated,,Obama Declares Disaster for Typhoon-Devastated Saipan: Obama signs disaster declaration for Northern Marians a... ,1
thunderstorm,Nicoma Park; OK,Severe Thunderstorm Warning including Midwest City OK Del City OK Choctaw OK until 10:30 PM CDT,1
burned,Long Island NY & San Francisco,I spent 17 minutes walking with RunKeeper. 90 calories burned. #LoseIt,0
evacuate,U.S.A,California wildfires force thousands to evacuate:  via ,1
collide,planeta H2o,Soultech - Collide (Club Mix) ,0
mudslide,Notts,#BakeOffFriends #GBBO 'The one with the mudslide and the guy with the hat',0
collided,,My and food worlds have collided in this salmon video. #simple #Alaskaseafood #askforalaska ,0
flood,Aix-en-Provence/Utrecht,Yet still why did so many fish die in the worldwide flood? I wonder.,0
flattened,Mars,Flattened ,0
explode,,My head is gonna explode,0
nuclear%20disaster,,"#Nuclear policy of #Japan without responsibility about Nuclear #Disaster will repeat same #failure.
#annonymous #guardian #NYTimes #Reuters",1
injury,,#poster #ergo Rotator #cuff injury recovery kit:  Super High Converting Rotator Cuff Inj ,0
injury,Peru,'IÛªd worked so hard to get to that level that I wasnÛªt going to let the injury define me. I was going to define it.Û Cool,0
drowned,The Howling,the future of america #GamerGate ,0
tsunami,??????????????,Earthquake and tsunami that occurred in Japan 'free speech' is also swallowed. ,1
screams,blackfalds.,*screams* ,0
thunder,Enfield; UK,Illusoria Icarus nowplaying check out ,0
exploded,London,A tin of Tesco dog food 'exploded' and prompted THIS complaint - via #pets #dogs #animals #puppy ,0
nuclear%20disaster,Fukushima city Fukushima.pref,Over half of poll respondents worry nuclear disaster fading from public consciousness  ##fukushima,0
blizzard,,Tomorrow's Announcement VODs ,0
upheaval,Scotts Valley; CA,In depth: the new world of work and how young people businesses and economies are coping with huge upheaval  via ,0
burning,Isle of Man,501 sky news mandem in totteham going maddddd burning up fed cars an dem ting dere,1
demolished,Shrewsbury,Beastin Tapas this evening with some good folk! #funtimes #demolished ,0
detonation,,Ignition Knock (Detonation) Sensor ACDelco GM Original Equipment 213-924,0
,,13;000 people receive #wildfires evacuation orders in California,1
flattened,Chorley; Lancashire; UK,Fylde Building set to be flattened: One of PrestonÛªs city centre iconic buildings is disappearing from the skyline. ,0
screams,??+ ... ??+,* Screams *,0
devastated,PG Chillin!,Man Currensy really be talkin that talk... I'd be more devastated if he had a ghostwriter than anybody else....,1
first%20responders,,This week first responders and DART members are participating in a four day intensive Technical Large Animal... ,0
hazardous,,JAX issues Hazardous Weather Outlook (HWO) ,0
inundated,Singapore,Myanmar's president urged people to leave a low-lying southern delta region on Thursday with rain water that has inundated much of the counÛ_,1
attack,,#volleyball Attack II Volleyball Training Machine - Sets Simulation -  ,1
refugees,Bangalore; India,#Turkish couple decided to feed 4000 #Syrian #refugees as part of their #wedding celebrations,0
sinkhole,Hinterestland,"Sinkhole Selfies: You Wont Believe What's In The Brooklyn Sinkhole!: 
        Sinkhole Sel...  #funny",0
hailstorm,Not Los Angeles; Not New York.,The Stephen Ave flower pots got a little ripped up in the hailstorm today #yyc #abstorm #calgary #iamdowntown ,1
wreck,Pratt-on-Wye,How many cars do those cyclists wreck going past scratching with pedals. They should be banned #c4news,0
seismic,UK,ENGLAND EAST COAST. Dogger Bank Westward. 1. Seismic survey in progress by M/V Western Regent towing a 8400 metre long cable within areaÛ_,0
wildfire,Get our App,Fire in Pisgah National Forest grows to 375 acres - WSOC Charlotte,1
derail,Washington; DC,Here's what may have caused a Metro train to derail in downtown D.C. ,1
burned,Erie; PA,so others don't get burned,0
quarantined,Korea,Top link: Reddit's new content policy goes into effect many horrible subreddits banned or quarantined ,0
heat%20wave,,NOT.. Ready for this heat wave .. I don't want the sun to come back out.. I'm enjoying this break of cooler temps..,1
obliterated,Waterloo; ON,This the same dude that obliterated meek mill. Dont judge a book by its cover. ,0
bloody,PH,Friday supposed to be a happy day but it's a friday hah zzzz,0
destruction,,Crackdown 3 Destruction Restricted to Multiplayer: Crackdown 3 impressed earlier this week with a demonstratio...,0
crashed,52.479722; 62.184971,it has crashed so many times the past couple hours,0
hurricane,,Stream HYPE HURRICANE,0
sandstorm,North Carolina; USA,PUT SANDSTORM DOWN!!!! ,0
flooding,don't run,And last year it was just a lot of 'THE DRUMS ARE FLOODING' and 'JANICE I'M FALLING',0
volcano,Earth,1.94 earthquake occurred 5km S of Volcano Hawaii at 01:04 UTC! #earthquake #Volcano,1
injury,Los Angeles,Dr Jack Stern Interview Ending Back Pain for #Military #Injury. Listen now: ,0
emergency,,Loans until settlement day ??ÛÏ emergency money advances treasure-house self outbreed yours below take-home: AKx,0
ambulance,,you ok? Need a ambulance. Hahahah that was good! ,0
detonate,,they can't detonate unless they touch the ground,0
devastation,,#HungerArticles: Nepal: Rebuilding Lives and Livelihoods After Quake Devastation ,1
derailed,L'Enfant Plaza Metro Station,1 of those days when ya don't realize till already in transit that a train DERAILED at the Metro St closest to work??,1
devastated,REPUBLICA DOMINICANA,(#LosDelSonido) Obama Declares Disaster for Typhoon-Devastated Saipan: Obama signs disaster declaration for Northern Ma...  (#IvanBerroa),1
destroy,,these money grubbing kikes need to get a clueI have no money but I can still destroy with telekinesis. Watch.,0
drowning,Madison; WI,Believe it or not we've had too MUCH rain here. Our newly planted maple trees are actually drowning.,1
fire%20truck,,#reno Truck trailer catches fire in Reno ,1
catastrophe,,#boy #mix Ultimate #preparedness library:  Prepare Yourself For Any Catastrophe. Over 10,1
explode,Spring Grove; IL,If Schwarber ran into me going that fast I would explode into pieces,0
violent%20storm,Your Six,Desert Storm was an unqualified victory a treaty was signed.  Under Clinton the situation only got worse and more violent. #tcot,0
evacuation,sydney; australia,my school just put the evacuation alarms on accidently with 2 different trial exams happening are you kidding me,0
hailstorm,Calgary; Alberta,Hailstorm day 2.... #round2 #yyc #yycstorm,1
storm,,Is it bad to say that I'm kinda afraid of storms and we are in a storm???? help,1
deluge,New York; NY,NFL playing deflategate perfectly. the deluge of incremental stories has bored the world into not caring and just wanting it to go away,0
armageddon,England,'If I'd have had a long coat to hand I'd have worn it. The certainty of armageddon bears a sense of occasion.',0
tornado,canada,Calgary area tornado warnings end as thunderstorms move eastward - CBC.ca: CBC.ca Calgary area tornado warnings endÛ_ ,1
sunk,NAIROBI  KENYA ,#ArrestpastorNganga it so worrying 2 see how some police officers in Kenya have sunk to low to the point of collaborating with pick pockets,0
lightning,Rotterdam; The Netherlands,thanks thanks :3,0
arsonist,ss,im jokin still cant be on moves:/,0
hazard,Arizona,Get that hazard pay,0
displaced,Ojodu;Lagos,Angry Woman Openly Accuses NEMA Of Stealing Relief Materials Meant For IDPs: An angry Internally Displaced wom... ,0
drowning,USA,Grace: this is not your first ' storm' you know bicycles fences trees will fly as well as idiots drowning that go by swollen rivers...,1
wreck,Plano; IL,Amazon Prime Day: 12 quick takeaways from AmazonÛªs magnificent train wreck -,0
desolation,on twitter,yeah 1:57  |  Lamb Of God - Rock Am Ring 2015 - Intro+Desolation HD  via,0
bridge%20collapse,US,Two giant cranes holding a bridge collapse into nearby homes ,1
hijacking,,#hot  Funtenna: hijacking computers to send data as sound waves [Black Hat 2015]  #prebreak #best,0
derailment,Palo Alto; California,Consent Order on cleanup underway at CSX derailment site - Knoxville News Sentinel  ,1
deluge,518,yes man i was having a bad week so far but Events + a deluge of favs have turned it right around,0
tsunami,,#sing #tsunami Beginners #computer tutorial.:  Everyone Wants To Learn To Build A Pc. Re ,0
forest%20fire,,I had to grill for a school function. One of the grills we had going was pretty much either off or forest fire. No inbetween! Made it work,0
oil%20spill,Los Angeles; CA,Refugio oil spill may have been costlier bigger than projected ,1
hail,Tulsa; Oklahoma,Hi-Res Doppler showing storm just NE of Edmond is now severe with 1.25' hail and 60mph wind possible. #okwx,1
tragedy,,Rly tragedy in MP: Some live to recount horror: ÛÏWhen I saw coaches of my train plunging into water I called ... ,1
upheaval,Hamilton; Ontario CA,Ancient Mayan Tablet with Hieroglyphics Honors Lowly King: A 1600-year-old Mayan stone tablet describing the ...,0
demolition,San Francisco; CA,Delmont's 'Onion House' Purchased After Plans For Demolition ,1
aftershock,,I love you bb,0
sunk,,I felt bad for Romero. He cared but mental stuff sunk his career. I worry same thing will happen to Hutch. #BlueJays,0
flooding,, Flooding of tracks caused derailment sa #INSubcontinent ,1
engulfed,Coventry,Do you feel engulfed with low self-image? Take the quiz:  ,0
evacuation,,"This is an evil generation
Rock and roll evacuation!
As far as the eye can see!
(Hey hey hey hey!)",0
screams,xiumin's nonexistent solos,//screams in the distance// ,0
epicentre,Lagos,#Tanzania elephant population declined by 60% in five years census reveals,0
wrecked,  Glasgow ,see U the night wee bArra to get absolutely wrecked ????,0
panic,Manhattan,Every time I feel a new pain or strain in my body I panic because I need it for my career ??,0
inundated,The windy plains of Denver,do texts use data? She was inundated by a group text yesterday.,0
razed,,The Latest: More homes razed by Northern California wildfire -  ,1
drowning,,'Drowning' - Acrylic 08.05.15,1
mudslide,IUPUI '19,Someone split a mudslide w me when I get off work,0
razed,,The Latest: More homes razed by Northern California wildfire -  ,1
trapped,Puerto Rico,Hollywood Movie About Trapped Miners Released in Chile ,0
twister,Calgary; Alberta,Anyone wanna come over and watch Twister with me? #toosoon :-),0
trouble,Palo Alto; CA,Reddit's new content policy shows that maybe Reddit can't have it all  via ,0
sinkhole,Above the snake line - #YoNews,Large sinkhole swallows entire pond in Lowndes County Georgia  #YoNews,1
injuries,Scottsdale. AZ,"Next Man Up---AH SCREW THIS! I'm so tired of injuries.  

What happened to Camp Cupcake? More like Camp Cramp and Break.",0
burned,,Mad River Complex fires have burned 14028 acres 8% contained: The Mad River Complex fires in Trinity County ...,1
body%20bag,,new summer long thin body bag hip A word skirt Blue  ,0
trouble,Gold Coast; Australia,19 Things You'll Understand If You Have Trouble Talking to People,0
hijacker,,Remove the  and Linkury Browser Hijacker  ,0
blight,,Apperception bridgework blight:,0
stretcher,,still a lot,0
traumatised,Londonstan,"ÛÏget a gold chain you'll understandÛ

One boy gave me one and my neck went green It traumatised me",0
catastrophic, Bouvet Island,99% of Scientists donÛªt believe in Catastrophic Man-Made Global Warming only the deluded do.,1
deluge,Newcastle upon Tyne,Here I'm the UK there isn't a deluge of Canadian themed tops around...The timing was perfect. I can't quite believe it. Mad.,1
hurricane,,Cape Coral city leaders take part in mock hurricane training  ,0
flattened,somewhere too cold for me,when he flattened machida...did he lose that fight..nope he lost fights to guys he shouldn't of lost to also,1
whirlwind,London,NEW YORK: A whirlwind day of activities in New York. Breakfast at the Millennium Hotel United Nations Plaza. Lunch... ,0
hijack,Oregon; USA,Chelsea need to hijack Man Utd deal for Pedro..20 mill bargain Adam driving home in Oregon USA cmon blues!!!,0
thunder,,THUNDER BUDDYS!!!! THUNDER BUDDYS!!!!,0
panicking,,New post: 'People are finally panicking about cable TV' ,0
bush%20fires,Selangor,California Bush fires please evacuate affected areas ASAP when california govts advised you to do so ,1
hazard,,Battlefield 4 Funny Moments - Dukes of Hazard Undercover Soldier MAV T...  via,0
earthquake,One World,Some of the aftershocks can be just as big as the initial earthquake.~ ,1
arsonist,,I liked a video from  Town of Salem | How to Win as The Arsonist,0
attack,Dayton; Ohio,A Dayton-area org tells me it was hit by a cyber attack: ,1
desolation,Manila; Philippines,Beautiful desolation. Just me a couple of coyotes some lizards and the morning sun. #Phoenix #Arizona ,0
armageddon,Rotterdam; Zuid-Holland,"

Good luck to the ?????? tomorrow night 

Get some coefficient points plz 
",0
cliff%20fall,Lagos; Nigeria,Huge cliff landslide on road in China: Watch the moment a cliff collapses as huge chunks of rock fall onto a r... ,1
collapsed,,Look: #I have collapsed #after attempting to munch an endangered species.,0
hazardous,,MTR issues Hazardous Weather Outlook (HWO) ,1
curfew,somewhere in cali ,I should've gave him a curfew,0
landslide,Edinburgh,you just keep ur head in the sand john. The best place for it.  Lbr after 97 landslide. Couldnt imagine situ now,0
survivors,,Survivors remorse is good,0
collision,SEATTLE; WA USA,On I-405 southbound at Coal Creek Pkwy there is a collision blocking the center lane.,1
loud%20bang,Wandsworth; London,strange loud impact bang noises under train to Epsom about to arrive #Wimbledon,0
screaming,,"Harshness Follows Us a
Better Day
by Sarah C
Racing thoughts with screaming sirens
Pacing back and forth for... ",0
flattened,East Lansing; MI,flat footballs!!?? More like he flattened the Spartans from crushing them back in the day!!!! #HAIL,0
epicentre,,[Question] Is anybody else having this problem with the '7' circle in Epicentre?,0
drowning,New York,The Drowning Girl by Caitlin R. Kiernan Centipede Press Signed numbered Limited - Full reÛ_  ,0
flattened,,Conklin being flattened. Shuffled feet instead of kick slide. Didn't get hands up into chest. ,0
panicking,VCU,Just realized that maybe it not normal to sit up front with an Uber driver? Panicking,0
debris,New York,Malaysian Officials Say Debris Found on Reunion Island Is From #MH370. reports:,1
collided,Peterborough; On,#Newswatch: 2 vehicles collided at Lock and Lansdowne Sts in #Ptbo. Emerg crews on their way,1
quarantine,,Reddit Will Now Quarantine Offensive Content ,0
trauma,,I need to plan a trip to Cleveland soon! ??,0
hail,United States,UNR issues Severe Thunderstorm Warning [wind: 60 MPH hail: 0.75 IN] for Weston [WY] and Custer Fall River Lawrence Meade Pennington [SÛ_,1
desolate,,eggs desolate,0
blaze,seattle wa,Not in the works yet. Did you see the new Vela Short in Blaze? ,0
windstorm,Chicago,'My Fifty Online Dates and why I'm still single' by Michael Windstorm $2.99 Amazon     #kindle  #datingtips #goodreads,0
obliteration,India,There are no four truths-of pain of desire that is the origin of pain of the obliteration of that desire of the pain to that obliteration.,0
,,1.3 #Earthquake in 9Km Ssw Of Anza California #iPhone users download the Earthquake app for more information,1
hail,,Enjoy! Hopefully there will be no epic hail storms where you are going!,0
bush%20fires,,So apparently there were bush fires near where I live over the weekend that I was totally oblivious to...,1
panic,Linton Hall; VA,Is it time to panic now? ,0
traumatised,Ireland,Back in Ireland v. sad/traumatised as is freezing and not beautiful Parisian summer to which have become accustomed.,0
upheaval,CPT & JHB; South Africa,To navigate inevitable upheaval internal audit must lead the way ,0
flooding,,Maybe the plan is to dilute until they can safely say 'We have to start charging or it's over'. Longs would come flooding in.,0
quarantine,Bangalore; INDIA,#Bangalore  Reddit updates content policy promises to quarantine 'extremely offensive' communities  #Startups  #in,0
injured,Doghouse,Injured Barcelona full-back Alba out of Super Cup ,0
typhoon,iamdigitalent.com,Photos: Typhoon Soudelor Has Its Aim Set on Taiwan andåÊChina ,1
hurricane,USA,Grace: here are damage levels USA style.. #Taiwan #China #world hurricane/typhoon ratings/categories defined again ,1
wild%20fires,,Some great footage of STRONG work from San Bernardino County Fire who is also working the wild fires right now.... ,1
meltdown,,Currently: Uncontrollable meltdown number 2,0
rescued,Kent,Man Who Buried Dog Alive Thought No One Would Find Her But She Was Rescued Just In Time ,0
catastrophic,N?? Y???.,åÇ and probably even more. But some disagreements with General Ross and the catastrophic occurrence made something clear. åÈ,0
burning,Caracas; Venezuela.,We will be burning up like neon lights??????,1
bush%20fires,Wolmers Trust School for Boys ,Drought fuels bush fires in Jamaica -   - RE ,1
hazardous,,#foodscare #offers2go #NestleIndia slips into loss after #Magginoodle #ban unsafe and hazardous for #humanconsumption,1
earthquake,ARGENTINA,#Earthquake #Sismo M 1.9 - 15km E of Anchorage Alaska: Time2015-08-06 00:11:16 UTC2015-08-05 16:11:16 -08:00 ...,1
landslide,Austin; Texas,Enjoy the impending landslide Todd. Hehe.,0
floods,Earth,ETP Bengal floods: CM Mamata Banerjee blames DVC BJP claims state failed to use relief funds: Even as flood w... ,1
derailed,Kalamazoo; Michigan,three episodes left the end is nigh,0
damage,Bhopal; Madhya Pradesh; India.,standard damage control,0
upheaval,,Tt kettlebell upheaval blueprint over chris lopez hindsight,0
natural%20disaster,sÌ£o luis,And you're loving me like water slipping through my fingers such a natural disaster love,0
crush,San Diego; Texas.,Love love love do you remember your first crush ? ??,0
explosion,London; United Kingdom,Around 10 injured in explosion in chemical park in western Germany...,1
rescued,NIGERIA, Rescued Med migrants arrive in Sicily: Hundreds of migrants rescuedÛ_ ,1
army,,One Direction Is my pick for  Fan Army #Directioners  x1392,1
nuclear%20reactor,Washington; D.C.,Global Nuclear Reactor Construction Market grew 4.5% between 2013 and 2014,1
evacuate,17-Feb,Okay I need all of you to evacuate the house so I can write this poem,0
drowned,Dreieich; Germany,via Hundreds feared drowned as migrant boat capsizes off Libya  #UFO4UBlogEurope,1
blew%20up,Brooklyn; NY,easy way to look good after the Ray Rice fiasco...that blew up,0
bridge%20collapse,California,#computers #gadgets Two giant cranes holding a bridge collapse into nearby homes  #slingnews,1
wild%20fires,Hartford; Connecticut,Firefighters from Connecticut are headed to California to fight wild fires  ,1
hijacker,,Complete Solution to Get Rid of  ÛÒ [Browser Hijacker Removal Guide]! - ,0
evacuation,Portland; Ore. ,New evacuation ordered for 25 homes in danger of Hwy. 8 fire near Roosevelt Wash.  #KOIN6News,1
trouble,Bathtub de Bett ,'I'm going to be in so much trouble.',0
debris,46.950109;7.439469,How Missing JetÛªs Debris Could Have Floated to RÌ©union - The New York Times ,1
screamed,m3; k; a; d,I have never screamed so loud ,0
engulfed,Kokomo; In,Fully Engulfed Garage Fire: Propane Tanks Inside. Sunnymeade Dr.,1
wreckage,,Wreckage 'Conclusively Confirmed' as From MH370: Malaysia PM: Investigators and the families of those who were...,1
attacked,Port Jervis; NY,My dog attacked me for my food #pugprobs,0
blown%20up,London/Outlaw Country ,more like BLOWN UP amirite,0
blazing,,thanks! I sweat bullets every time I get in with this blazing sun beating down on me.,0
wounds,cody; austin follows ?*?,"Crawling in my skin
These wounds they will not hea",0
wreck,,the sunset boys wreck my bed   original 1979 usa gimp label  vinyl 7' 45  newave,0
twister,london,Am now repped by the fantastic Laura Milne for all your liguistic needs. And that's some tongue twister tweets,0
traumatised,cork,I can't watch tat show its like a horror movie to me I get flashbacks an everything #traumatised,0
tragedy,,'you canÛªt research collective memory' The 1st Rule of writing diverse should be don't touch another group's tragedy,0
demolition,everywhere,Dont think they will paint the lab building cause they have been planning for  demolition ... since forever.,0
oil%20spill,Karachi Pakistan,Refugio oil spill may have been costlier bigger than projected ,1
flooding,,Flooding ???? ,1
wreckage,Southern California,Malaysian prime minister says Reunion Island wreckage is from MH370:  via,1
blew%20up,,Ye did the same thing to Big Sean and he still blew up,0
derailed,,LITERALLY JUST LOOK THAT UP! YEAH DERAILED AT SMITHSONIAN SO EVERYTHIGN IS SHUT DOWN FROM FEDERAL CENTER SW TO MCPHERSON,1
wildfire,Eddyville; Oregon 97343,Oregon's biggest wildfire slows growth  via ,1
flattened,Northampton; MA,puck=flattened ball lol,0
hazard,Lancashire; United Kingdom,I liked a video from  Battlefield 4 Funny Moments - Dukes of Hazard Undercover Soldier,0
wreckage,iTunes,#science Now that a piece of wreckage from flight MH370 has been confirmed on RÌ©union Island is it possible t...,1
collide,New Orleans; LA,#NowPlaying the playlist 'When Jazz and Hip-Hop Collide' in ,0
collision,Vancouver,7:13pm #MAPLERIDGE Lougheed Hwy EB is closed between 203rd and Dewdney Trunk Rd because of Collision. ETO is between 8:00 PM and 9:00 PM.,1
drought,i luv raquel,California is in a drought. what are you gonna do about this issue? if you want to be president this attitude won't work with m,1
razed,,The Latest: More Homes Razed by Northern California Wildfire - ABC News ,1
wreck,Atlanta; Georgia,#Trump debate will be most highly watched show tonight even among progressives. I too will watch hoping for a spectacular flaming wreck.,0
panic,Palm Bay; FL (Kissimmee),"Panic over: Patient in Alabama tests negative for Ebola
",1
explosion,City of London; London,EE recalls Power Bar battery packs after explosion in student's bedroom ,1
earthquake,,2.0 #Earthquake in Sicily Italy #iPhone users download the Earthquake app for more information,1
meltdown,,Why must I have a meltdown every few days? ??,0
wild%20fires,Fort Walton Beach; FL,Firefighters Headed To California To Fight Wild Fires ,1
inundation,Athens; Greece,"Potential Storm Surge Flooding Map by National Hurricane Center  
",1
curfew,Miami,In the beginning of summer my mom made my curfew 1 now it's back to 12 and I can never go out and she wonders why I'm always at home,0
exploded,,Reasons has exploded on #38745:,0
trapped,,Hollywood movie about trapped miners released in #Chile  #ZippedNews ,0
wild%20fires,Los Angeles; CA,Map shows where all of California's wild#fires are burning: This map created by CAL FIREÛ_  ,1
weapon,Slateport City; Hoenn,OMG... WHAT IS THE SUB WEAPON,0
landslide,,Listen to Landslide by Oh Wonder #SoundCloud ,0
typhoon,NYC :) Ex- #Islamophobe,#ABCNews Obama Declares Disaster for Typhoon-Devastated Saipan: Obama signs disaster declaration for No...  #World,1
meltdown,Colorado; USA,I really can't believe he is skipping out before the Republican meltdown...I mean 'debate'.,0
sandstorm,hkXfYMhEx,Watch This Airport Get Swallowed Up By A Sandstorm In Under A Minute ,1
rubble,ON,China's Stock Market Crash: Are There Gems In The Rubble?  #forbesasia,1
hijack,,Swansea ?plot hijack transfer move for Southampton target Virgil van Dijk? ,0
trapped,WORLDWIDE!,#NZ Hollywood movie about trapped miners released in Chile  #HugoMatz,0
hurricane,Berlin - Germany,Did you see #hurricane #guillermo with #MeteoEarth? ,1
burning,LiÌ¬ge,How many stacks of burning did it apply?,0
hijacking,,come on. IK will face MCourt for attacking parliment and hijacking TV station.,1
engulfed,Glendale; CA,#TRAFFICALERT  Eastbound 210 Freeway at Citrus Ave in Azusa. Two motorcycles involved in accident with one fully engulfed in flames in lanes,1
collision,,Beat:G3 MOTOR VEHICLE COLLISION HIT AND RUN at RAINIER AV S / S CHARLES ST reported on 8/5/2015 6:08 PM Call# 15000270653,1
meltdown,Leeds; England,Pam's Barry Island wedding meltdown ??????????,0
hijacking,,"Mom is hijacking my account to earn MCR STATUS!!!
 #FlavorChargedTea",0
drowned,,New and now: Different (FNaF fanfiction): Trixie_drowned / 2 pagesHi my awesome proxies it's ...  #wattpad #promo,0
inundated,Sunnyvale; CA,Thanks! I know you all get inundated. Have a good one!,0
demolition,Lisbon; Portugal,Draw Day Demolition Daily football selection service that consistently makes money lay yoÛ_  ,0
traumatised,Kirkwall,WHY THE DEEP ROADS THO HAHAHAHA IM SO TRAUMATISED BY THE DEEP ROADS LOLOL,0
collide,Ormond By The Sea; FL,Like a scene from When Worlds Collide ......,1
flood,Warrandyte; Australia,A [small] flood with bigåÊconsequences  ,1
blight,Scotland,LIKE I SWEAR THE SECRET WE'LL UNCOVER IS THE OLD GODS IN A SLUMBER. I THINK THERES GONNA BE ANOTHER BLIGHT,0
explode,Oklahoma City; OK,my brain id about to explode lol,0
upheaval,Attock,Ancient Mayan Tablet found via    ,0
survived,Mumbai; Maharashtra,It's a miracle that mankind survived 70 years since one of the worst days in its history. All bets are off if it will survive the next 70.,0
arson,North-East Region; Singapore,angel or arson,0
panic,Topeka; KS,The good thing is that the #Royals won't face a newbie in the playoffs. No real reason to panic.,0
evacuated,Nashville; TN,Just got evacuated from the movie theatre for an emergency. Saw people running from another they're.,1
sinkhole,NY,Gaping sinkhole opens up in Brooklyn New York ,1
danger,,Fear has a way of making us see danger where there is none. Contemplating the logic behind the situation and find the courage to engage it,0
buildings%20burning,Dublin City; Ireland,Is one of the challenges on Tough Enough rescuing people from burning buildings?,0
hijack,Port Harcourt; Nigeria,Plans by former First Lady and wife of ex-President Goodluck Jonathan Dame Patience Jonathan to hijack the All... ,1
upheaval,eBooks; North America,"Medieval Upheaval (Hardy Boys: The Secret Files Book 18)
Franklin W. Dixon - Aladdin - Kindle Edition.",0
upheaval,Woosley,Ancient Mayan Tablet with Hieroglyphics Honors Lowly King ,0
body%20bag,sitting on Eddie Vedders lap;,ditto but its all we had. and the way i feel if i drank vodka over ice they would have to body bag me,0
oil%20spill,,Refugio oil spill may have been costlier bigger than projected ,1
emergency%20services,Los Angeles; CA,Want to work in #Tarzana CA? View our latest opening:  #Nursing #Job #Jobs #Hiring,0
heat%20wave,International Action,Heat wave adding to the misery of internally-displaced civilians  via ,1
oil%20spill,England; Great Britain.,National Briefing | West: California: Spring Oil Spill Estimate Grows: Documents released on Wednesday d...  (NYT),1
siren,Paris.,? #nowplaying SONG TO THE SIREN - JOHN FRUSCIANTE (2009),0
hailstorm,Calgary; Alberta,Calgary Transit reviewing policy after leaving hundreds of commuters stranded during hailÛ_  ,1
wrecked,,He just wrecked all of you ,0
violent%20storm,Very SW CA; USA....Draenor,yikes.  Poor pup.  What a weird violent storm.,1
engulfed,,Do you feel engulfed with low self-image? Take the quiz:  ,0
upheaval,Sydney & Worldwide,Upheaval high note for bush opera  #Sydney #News #Aus,0
meltdown,,            'A simple meltdown!'  Areva have you ever seen an out of control kid?,0
exploded,,The Dress Memes Have Officially Exploded On The Internet ,0
injured,,I can't believe Blevins got injured falling off a curb. That's something that would happen to me never it expected for a pro player,1
hail,USA,Strong Thunderstorm 4 Miles North of Japton Moving SE At 25 MPH. Large Hail and Wind Gusts Up to 50 MPH Poss... #arwx,1
quarantined,,when you are quarantined to a little corner bc you are too sick to be in the office but work is piling up and they need you kinda day,0
fear,USA,"Daily Reflections
August 6
DRIVEN
Driven by a hundred forms of fear self-delusion self-seeking and self-pity...",0
tsunami,The Netherlands,"?#FUKUSHIMA?#TEPCO?
Mountains of debris from the Japanese tsunami have floated to the West Coast
",1
injuries,California,Enjoying a little golf this summer? Take care to avoid injury -- back and shoulder injuries can happen quickly ,0
trouble,on twitter ,why is it trouble/ live on ,0
flattened,new york; ny,who said this? Yosemite Sam or Drumpf? ÛÏNobody Û÷ill vote for a flattened out rabbit skin a-huh huh Û_ I always sayÛ,0
dust%20storm,,I learned more about economics from one South Dakota dust storm than I did in all my years in college.  -Hubert Humphrey,1
obliteration,828/704(Soufside)/while looking goofy in NJ,Back in 02 to 03 would never said that 50 would have ended ja like obliteration,0
thunderstorm,73101,Severe Weather Statement issued August 05 at 9:33PM CDT by NWS: ...THE SEVERE THUNDERSTORM WARN...  #Skywarn #OKwx,1
hijacking,,The ship has arrived safely. So it was quite unnecessary to sign the waiver that we won't sue Microsoft if any hijacking occurred.,0
trouble,Indiana; USA,...I have a lot of trouble getting both students and adults to understand that the moon is farther away than they think.,0
hijack,Worldwide,#LatestNews: Tension In Bayelsa As Patience Jonathan Plans To Hijack APC PDP,1
collision,,Beat:B2 MOTOR VEHICLE COLLISION at N 35 ST / FREMONT AV N reported on 8/5/2015 6:52 PM Call# 15000270364,1
drown,Layang-Layang; Perak,Drown by Bring Me the Horizon (at Information Resources Centre (UTP)) ÛÓ ,0
engulfed,,michael is engulfed by that jumper,0
burned,,Don't get burned twice by the same flame.,0
evacuation,Bend; Oregon,Update: More from Bend FD on how a natural gas line cut prompted evacuation of the main Post Office this afternoon ,1
collapsed,,I was on my way to Gary but all the Chicago entrances was closed due to a bridge collapsed ?????? I hope they let us through tomorrow,1
apocalypse,Tokyo,Enjoyed live-action Attack on Titan but every time I see posters I'm reminded how freshly clean and coiffed everyone is in the apocalypse.,0
quarantined,Karolinska vÌ_gen 18; Solna,"Officials say a quarantine is in place at a Birmingham home over a possible Ebola case.

Edward Khan of the... ",1
thunderstorm,NC,I need a thunderstorm please!,0
upheaval,Karachi,"
Due to upheaval created by the west in Iraq Syria Libya etc.",1
accident,Njoro; Kenya,the pastor was not in the scene of the accident......who was the owner of the range rover ?,1
quarantined,,Top link: Reddit's new content policy goes into effect many horrible subreddits banned or quarantined ,0
first%20responders,Washington; DC,Some good info to help first responders cope- Individual Resilience: Factsheet for Responders- ,0
thunderstorm,USA,ok ok what if I make the close quarters an abandoned cabin in the woods IN A THUNDERSTORM,1
destruction,New York City,On this day in 1998 Appetite For Destruction goes to #1 on the Billboard Album Charts and stay on for 57 weeks,0
accident,St. Louis; MO,#stlouis #caraccidentlawyer Speeding Among Top Causes of Teen Accidents   Car Accident teeÛ_,0
oil%20spill,California,Refugio oil spill may have been costlier bigger than projected ,1
electrocute,#otrakansascity,I wanna tweet a 'niall thx for not making me was to electrocute myself' tweet but I'm scared I'll jinx it,0
thunder,,Heavy rain frequent thunder and gusty winds moving into parts of Uptown and Midtown.  - CN ,1
hurricane,,no prob,1
nuclear%20disaster,,The people who tweet and care about #Japan #Fukushima nuclear disaster are not the problem those who ignore are the problem.,1
emergency,New York,11000 SEEDS 30 VEGETABLE FRUIT VARIETY GARDEN KIT EMERGENCY SURVIVAL GEAR MRE  - Full reaÛ_,0
crashed,,I already had my phone updated to 8.4 and somehow my phone crashed and I had to restore it and they're not letting me restore it,0
blew%20up,,This night just blew up rq,0
derailed,Washington; DC,Happy no one was hurt when #wmata train derailed. Also the express bus is so much better than metro rail  ,1
evacuation,Portland; Oregon,#Breaking: Authorities have issued new mandatory evacuation notices for 25 homes to the North of the fire in #Roosevelt WA,1
first%20responders,Los Angeles; CA,There's still room for you at our party for first responders from around the country! 3rd annual best ever.,0
detonation,,Ignition Knock (Detonation) Sensor-Senso BECK/ARNLEY 158-0853,1
rainstorm,,#DnB #NewRelease EDGE Jimmy - Summer Rainstorm (Lapaka Sounds)  via ,0
nuclear%20reactor,,Check out this awesome profile on #GE's swimming #robot used in #nuclear reactors!  #innovation ,0
explode,Winnipeg,I'm ready to explode! ,0
drowning,,can still see it...blank expression...cheeks clapping in my face...marvins room playing subtlety in the back yet drowning out all the sound,0
pandemonium,illinois. united state ,Pandemonium In Aba As Woman Delivers Baby Without Face (Photos) ,0
curfew,HTX,You got a whole curfew ????,0
burned,Cherry Creek Denver CO,Metal Cutting Sparks Brush Fire In Brighton: A brush fire that was sparked by a landowner cutting metal burned 10Û_,1
armageddon,The Orwellion police-state,Sadly How Windows 10 Reveals Microsoft's Ethics Armageddon,0
collision,Sacramento; CA,Traffic Collision - No Injury: I5 S at I5 S 43rd Ave offramp South Sac,1
evacuate,,Disaster control teams are studying ways to evacuate the port area in response to tidal wave warnings.[900037],1
armageddon,,L B #Entertainment lot of 8 #BruceWillis MOVIES #DVD DIE HARD 1 2 12 MONKEYS ARMAGEDDON SIXTH #eBay #Auction,0
collide,Pennsylvania; USA,Worlds Collide When an American Family Takes Over Britain's Isle of Man in New TLC Show Suddenly Royal  via ,0
derailment,Mumbai,Latest : Trains derailment: 'It's the freakiest of freak accidents' - The Indian Express: The Indi...  #IndianNews,1
nuclear%20disaster,US,3 Former Executives to Be Prosecuted in Fukushima Nuclear Disaster,1
hijacking,,#hot  Funtenna: hijacking computers to send data as sound waves [Black Hat 2015]  #prebreak #best,1
desolation,Singapore,And then there's people like me where my whole people are named Desolation,0
dust%20storm,Lizzy's Knee,I keep sneezing either someone placed a southern dust storm in my house or someone talkin smack,0
windstorm,,WindStorm WSVR1686B Cover for V-Hull Runabout Boat including euro-style with wi,0
snowstorm,Louisiana; USA,you're the snowstorm I'm purified. the darkest fairy tale in the pale moonlight.,0
demolish,Bagalkote Karnataka ,"#charminar demolish if it in falling state anyway take engineers opinion
#Telangana",0
razed,Tulsa; OK,The Latest: More homes razed by Northern California wildfire: The latest on wildfires burning in California andÛ_ ,1
demolition,aggressive cannoli eater ,witnessed my very first demolition derby today psa that my excitement has not worn down and it's been over 3 hours,0
panicking,Pawnee,oh that's not too bad then haha. I would've been panicking tho.,0
heat%20wave,Jackson; MS,#Jackson #ms Longest Streak of Triple-Digit Heat Since 2013 Forecast in Dallas,1
mayhem,Jersey Shore,BREAKING: Authorities respond to Ocean fire ,1
screaming,9/1/13,SCREAMING IN 22 DIFFERENT LANGUAGES,0
siren,,Internet firms to be subject to new cybersecurity rules in EU... ,0
ablaze,Concord; CA,Steve these fires out here are something else! California is a tinderbox - and this clown was setting my 'hood ablaze ,1
collapse,Location,I get this feeling that society will collapse or implode. So don't be a hero and play your part.,0
damage,Indonesia,'Mages of Fairy Tail.. Specialize in property damage!' - Natsu Dragneel,0
catastrophe,?? ??,.The coming catastrophe of the destruction of the puppet republic half naemolgo continue to firmly support. Yiraneuni and against,0
avalanche,Buy Give Me My Money ,yo flex im here ,0
hail,Windsor;Ontario,Looks like a bowl of weather cereal. New! Kellogg's Sugar Hail! Stays crunchy even in milk...,0
emergency,USA,Deals :  #37592 Temporary Fake Tooth Teeth Replacement Kit Emergency Dental Oral Care CosmeÛ_,0
injury,California,Quirk Injury Law's News is out!  Stories via ,0
attacked,#GDJB #ASOT,aiii she needs to chill and answer calmly its not like she's being attacked,0
rescued,Huntley; IL,We rescued my dog at least 9 years ago ?? she's old but still sweet as ever ??,0
rubble,,ChinaÛªs stock market crash this summer has sparked interest from bargain hunt...  å¨,0
wreck,Victoria; BC,But the design decision to 'Let's make something fresh and beautiful and wonderful and then WRECK IT' is kindof odd in restrospect,0
curfew,Chicago; IL,Police: Teenagers arrested for curfew violations in Evanston were riding stolen bicycles: Two teenagers taken into cus...  #Chicago #news,1
devastated,Chicago; IL,I'm devastated,0
twister,United States,love 106.1 The Twister  and Maddie and Tae #OKTXDUO,0
blown%20up,Scotland,got it last month when I went into the EE shop,0
buildings%20burning,New Hampshire,Witness video shows car explode behind burning buildings on 2nd St this afternoon #Manchester   via,1
attacked,,im feeling attacked ,0
siren,,The real question is why is the tornado siren going off in Dyersburg?,1
emergency%20plan,Chapel Hill; NC,A big issue left undone is HOW to get home if adverse weather hits. has no real emergency plan in place ,1
demolition,,General News Û¢åÊ'Demolition of houses on waterways begins at Achimota Mile 7 ' via Full story at,0
desolation,Stockholm; Sweden,? This Weekend: Stockholm Sweden - Aug 8 at Copperfields,0
oil%20spill,Sydney; NSW,Sydney Traffic HAZARD Oil spill - BANKSTOWN Stacey St at Wattle St #sydtraffic #trafficnetwork,1
twister,,"Check out 'Want Twister Tickets AND A VIP EXPERIENCE To See SHANIA? CLICK HERE:' at  
I would Love Love Love!! To win",0
panic,Leeds; United Kingdom,Obligatory middle of the night panic attack,0
wreckage,India,Wreckage 'Conclusively Confirmed' as From MH370: Malaysia PM,1
injured,MD,And you wonder why he's injured every year ,0
refugees,,...//..// whao.. 12000 Nigerian refugees repatriated from Cameroon,1
detonation,,Ignition Knock (Detonation) Sensor-Senso Standard fits 97-98 Ford F-250 4.6L-V8,0
flood,,"survived the plague
floated the flood
just peeked our heads above the mud
no one's immune
deafening bells
my god will we survive ourselves?",0
burning,,Why put out a fire that's still burning?,0
sinkhole,White Plains; NY,I've been trying to write a theological short story about a monster living in a sinkhole. Then I heard about Brooklyn. #accidentalprophecy,0
derailed,Anchorage; AK,It got derailed outside Grimrail Depot...,1
cyclone,,Video: New DE Jhaustin Thomas on being a Cyclone - Ames Tribune: Ames Tribune Video: New DE Jhaustin Thomas onÛ_ ,0
collision,Denver; CO,Motorcyclist bicyclist injured in Denver collision on Broadway: At least two people were taken to a localÛ_ ,1
whirlwind,Thailand,Weather forecast for Thailand  A Whirlwind is coming ...2 september,1
debris,,#?? #???? #??? #??? MH370: Aircraft debris found on La Reunion is from missing Malaysia Airlines ...,1
first%20responders,St. Louis; Missouri,'NO LENDER FEES FOR VETERANS OR FIRST RESPONDERS (PAST AND PRESENT)' on ,0
twister,Geneva,The Sharper Image Viper 24' Hardside Twister (Black),0
razed,,The Latest: More Homes Razed by Northern California Wildfire - ABC News ,1
desolation,Austin; TX,":(
Y'all have lakes in Ohio? I thought all y'all had was abject desolation and Subway restaurants.",0
aftershock,304,'There is no victory at bargain basement prices.' Dwight David Eisenhower,0
drowning,,its like theres fire in my skin and im drowning from within ????,1
seismic,Perenjori; WA,Panoramic Resources cuts jobs after seismic event ,1
flattened,Leicester,Zouma has just flattened him there ?? #CFC,0
ruin,Des Moines; IA,I'll ruin my life if I have to.,0
collision,Saint Lucia,tells of the tragic mid-morning collision which claimed the life of a young man riding a motorcycle. ,1
inundated,,I'm amazed you have not been inundated mistress.,0
desolate,Boulder,Your only option now is to move to an desolate island with nothing but a stack of DVDs you canÛªt watch.,0
wreckage,Mumbai,Wreckage 'Conclusively Confirmed' as From MH370: Malaysia PM: Investigators and the families of those who were...,1
wreckage,,#science Now that a piece of wreckage from flight MH370 has been confirmed on RÌ©union Island is it possible t...,1
forest%20fires,,Reddit:  Lightning sparks new fires in Boise National Forest /r/StormComing,1
epicentre,San Diego,I think of that every time I go to the epicentre haha,0
rescue,#HarleyChick#PJNT#RunBenRun,Last Chance Animal Rescue has 3 new posts.  #animalrescue |,0
debris,,MH370: debris found on reunion island. ?? #sad #tragedy #innocent #crash #mh370,1
curfew,Elkhart; IN,Had to cancel my cats doctor appointment because she decided to go out and play and not come home by curfew ...,0
wildfire,USA,The Latest: #Wildfire destroys more homes but crews advance - WQOW TV News 18,1
rescue,U.S.A.   FEMA Region 5,Coastal German Shepherd Rescue OC shared a link...  #animalrescue | ,0
ambulance,Mumbai,If I get run over by an ambulance am I lucky? #justsaying #randomthought,0
screamed,PA.USA,I SCREAMED AT THE END OAMSGAJAGAHAHAH IM LAIGHIGN #OTRAMETLIFE  ,0
drown,Where the money at,My parents don't believe in the dream. Sad.,0
survivors,Anywhere Safe,T-Dog had been holed up in an apartment store with several other survivors,1
deluged,,The U.S. Department of Commerce has been deluged the last two months with com...  å¨,0
explode,Kajang ? UiTM Puncak Alam,My head gonna explode soon,0
demolished,Kilkenny,5000 year old ring fort to be demolished,0
buildings%20burning,,'i'm a Gemini' *children screaming buildings burning police sirens in the distance*,1
panic,Torry Alvarez love forever ? ?,Panic at the disco te amo,0
whirlwind,Orlando; FL,My #mantra this morning!! Heading out to Make a whirlwind trip down southÛ_ ,0
collide,Melton; GA,Somehow find you and I collide ,0
blazing,Nigeria,Blazing Hot! Etisalat Free MB For Complete 12 Months: Etisalat Is Giving out 100MB on TECNO Q1 here is the Ime...,0
collided,Cherry Creek Denver CO,2 Cars Collide 1 Crashes Into Building: Two cars collided at an intersection and that sent one vehicle crashingÛ_,1
screaming,,If you are quiet enough you can literally hear the phandom screaming at the tyler tweet,0
collapse,Pompano Beach; FL,Growth dries up for BHP Billiton as oil price collapse bites ,0
apocalypse,Albuquerque,And so it begins.. day one of the snow apocalypse,1
wreck,Lebanon; Tennessee,Watertown Gazette owner charged in wreck ,1
evacuation,Northern California U.S.A.,Updated #RockyFire map with Mandatory Evacuation areas (red) Advisory Evacuation (yellow) 2 Evac Centers (green),1
hazardous,Gainesville; FL,09:13 PM:  Hazardous Weather Outlook ( NO HAZARDOUS WEATHER IS EXPECTED AT THIS TIME....,0
screaming,Û¢OlderCandyBloomÛ¢,/ it's fine baby I was screaming at the TV x ,0
traumatised,Portsmouth; UK,I'm that traumatised that I can't even spell properly! Excuse the typos!,0
quarantined,California,Reddit's new content policy goes into effect many horrible subreddits banned or quarantined ,0
trauma,www.aprylpooley.com,A1: I started writing when I couldn't talk about my trauma in therapy it was the only way I could communicate #gravitychat,0
,,A gas thing just exploded and I heard screams and now the whole street smells of gas ... ??,1
crushed,Toronto; Ontario,How Empire Avenue crushed my soul  via ,0
wreck,Alabama; USA,First wreck today. So so glad me and mom are okay. Could've been a lot worse,0
collided,,First Tweet collided with a Selfie. Pretty 'Sweet' if you ask me???? ,0
emergency%20services,,We're #hiring! Click to apply: RN II/EMERGENCY SERVICES/FT/7P-7A -  #Nursing #Houston TX,0
outbreak,Fukuoka; Japan,Families to sue over Legionnaires: More than 40 families affected by the fatal outbreak o...  #News #check #follow,1
stretcher,Florida,Homemade frozen yogurt pops? Have you had luck making them?  ,0
crashed,Buenos Aires,MH370: Intact part lifts odds plane glided not crashed into sea,1
casualty,Rochelle; GA,Being able to stay out of work this week to take online courses for the Property and Casualty StateÛ_ ,0
ambulance,Cambridge; MA,New Nanotech Device Will Be Able To Target And Destroy Blood Clots ,0
natural%20disaster,MÌ©xico D.F.,RaÌ¼l sends a message of condolence to Vietnam following natural disaster ,1
floods,,Have you ever remembered an old song something you haven't heared for years?  words that carry floods of memories all along. #priceless,0
exploded,,My little heart just exploded #OTRAMETLIFE #MTVHottest One Direction ,0
hijacker,San Francisco Bay Area,Gov. Brown allows parole for 1976 Chowchilla school bus hijacker James Schoenfeld.,0
crushed,Sunny South florida ,WRAPUP 2-U.S. cable TV companies' shares crushed after Disney disappoints,0
flooding,Honolulu; Hawaii,If Flooding occurs in your home - How to stop mold growth via ,1
refugees,,...//..// whao.. 12000 Nigerian refugees repatriated from Cameroon,1
derailment,Chicago; IL ,Scene of the derailment.. CTA Green Line at 63rd/Prairie,1
oil%20spill,Montgomery; AL,SB57 [NEW] Deepwater Horizon Oil Spill distribution of funds from BP settlement road and bridge projects in Bal...,1
sinkhole,In the potters hands,Sinkhole on west side damaging cars via ,1
demolition,,Canberra's first Mr Fluffy homes demolition schedule released  ,0
emergency%20plan,Los Angeles,Senators calling for emergency housing: Boxer Feinstein back plan to move #homeless vets to VA campus ,0
structural%20failure,Chicago; IL,NTSB: Virgin Galactic crash caused by structural failure triggered when brakes unlocked early  ,1
structural%20failure,,Photo: Failure in structural integrity affects us all. Whether it is a barn raised upon a faulty concrete... ,0
battle,Dallas; TX,See what happens with NO Battle of the Block ???? finally,0
hail,,Coming atcha from Boston. Had golfball sized hail yesterday sunny amazing skies today! #ParkChat,0
desolate,Philadelphia; PA ,#OnThisDay in 1620 the Mayflower set sail for the New World. Read,0
body%20bag,,Check out Vintage Longaberger Floral Fabric Shoulder Cross Body Bag Brown Leather Strap  ,0
tragedy,San Diego; CA,The tragedy of life is not that it ends so soon but that we wait so long to begin it. ~ W.M. Lewis #quotes,0
tornado,khartoum sudan,A tornado flew around my room before you came,0
deluge,Mostly Wellington; NZ ,'light rain' was the forecast I based my dressing on. Light. Rain. Not incessant deluge!,0
accident,Alberta | Sask. | Montana,Suffield Alberta Accident ,1
bridge%20collapse,Leeds; England,Listening to Blowers and Tuffers on the Aussie batting collapse at Trent Bridge reminds me why I love Wonderful stuff! #ENGvAUS,0
emergency,,of Newport a big thanks for the emergency run to pick Jackie up from Bristol temple messages much appreciated,1
police,MI;USA,#helpme what do I do? My friend has been ticketed by Police in Wayne County Michigan into never- sending poverty cycle. How do I help him?,0
avalanche,Philippines,You are the avalanche. One world away. My make believing. While I'm wide awake.,0
lava,San Jose; CA,A river of lava in the sky this evening! It was indeed a beautiful sunset sky tonight. (8-4-15),0
collide,New York,PIERCE THE VEIL Rubber Bracelet Wristband Collide with the Sky - Full read by eBay  ,0
collapsed,Kingston; Jamaica,Another entity forced to close in Montego Bay as a result of the collapsed sewer line #TVJNews,1
forest%20fire,,How is it one careless match can start a forest fire but it takes a whole box to start a campfire?,1
burning,,Don't be so modest. You certainly... *sniff* *sniiiiiiff* Er Donny? Is something burning?,1
casualty,,Casualty insurance jobs against hunt up willinghearted into: RPN ,0
sinkhole,,Sinkhole Selfies: You Wont Believe What's In The Brooklyn Sinkhole! ,1
injuries,Toronto,Peel police say male cyclist struck near Southdown Road and Royal Windsor Drive in Mississauga. Serious but non life-threatening injuries.,1
collide,,I liked a video from  Call of Duty: ÛÏThe Piano EntertainerÛ Ep. 9 ÛÒ Musicians Collide!,0
earthquake,Earth,1.9 earthquake occurred 15km E of Anchorage Alaska at 00:11 UTC! #earthquake #Anchorage,1
harm,Someday I'll live in England. ,HOW CAN SOMEONE HARM THIS ANGEL!!  ,0
tornado,Canada,Second tornado confirmed in SundayÛªs storm ,1
sirens,,I added a video to a playlist  Cher Lloyd - Sirens,0
hail,,Heavy rain and lightning overhead in Oakridge SW Calgary - at least it will melt the hail......#yycstorm #ABStorm,1
hazard,,not bad personally I'd get rid of either hazard or aguero for a better striker than berahino,0
explode,Whitby; ON,I'm about to explode ????,0
quarantine,London,Reddit updates content policy promises to quarantine Û÷extremely offensiveÛª communities ,0
collision,USA; WA,Anti Collision Rear- #gadget #technology ,0
debris,,#?? #?? #??? #??? MH370: Aircraft debris found on La Reunion is from missing Malaysia Airlines ...,1
derailed,Texas-USAã¢ ?,"CNN News August 5 2015 Two trains derailed amid floods ...
Video for india august flooding 2015 video youtube?...",1
first%20responders,A Hoop Somewhere,Incase of accident the first responders would know that there is a baby present ,0
casualty,,social casualty,0
sandstorm,Hamilton County; IN,SANDSTORM!!! WOO HOO!!,1
flood,New York,1 pair new 27w 4''  ROUND LED Work Driving FLOOD Light Off-road ATV UTV - Full read by eBay,0
desolation,North East; England,Just came back from camping and returned with a new song which gets recorded tomorrow. Can't wait! #Desolation #TheConspiracyTheory #NewEP,0
obliteration,,I added a video to a playlist  GTA 5 Funny Moments - 'OBLITERATION!' (GTA 5 Online Funny Moments),0
windstorm,LYNBROOK,#Insurance: Texas Seeks Comment on Rules for Changes to Windstorm Insurer ,0
natural%20disaster,Jonesboro; AR MO; IOWA USA,natural disaster ÛÒ News Stories About natural disaster - Page 1 | Newser,1
forest%20fires,Tips on my blog at,Tales of the #trees #deep water loving #Lake Tahoe. And no #forest fires ,0
first%20responders,,#LukeBox something about first responders/ military they are our true Hero's!! Besides your music,0
mudslide,,Flood and Mudslide Warning for East Fjords | Iceland Review  #icelandreview via ,1
threat,,Is this the end of AustraliaÛªs best burger?  via ,0
evacuation,Sydney Australia,Our mission to see the end of this movie last night after getting fire alarm evacuation ,1
displaced,,PennLive - Two families displaced by Mechanicsburg blaze - No one was injured in the fire. ,1
structural%20failure,,Investigators rule catastrophic structural failure resulted in 2014 ...,1
sunk,Wisconsin,The courtÛªs reputation and prestige has sunk ever lower and Prosser who has served on the court since 1998 has...,0
survived,Tn,The 'twins' survived their first day of high school!! They're gonna have a great year!! #makinmemories 2015,0
cyclone,USA,"#Camera #Art #Photography  #0215 New BoltåÊCyclone DR PP-400DR Dual Outlet Power PackåÊFor External Camera Flash

$30Û_",0
dust%20storm,A sofa,New Mad Max Screenshots Show Off a Lovely Dust Storm Combat Magnum Opus  #cogXbox #XboxOne #Xbox,0
rescued,Canada,10-Month-Old Baby Girl was Rescued by Coastguard after She Floated HALF A MILE Out to Sea! #socialnews,1
mudslide,London,The 19 year old's smug face when Dorret brings out her mudslide Black Forest gateau #priceless #GBBO,0
emergency%20plan,Los Angeles; CA,Do you know the emergency plan at your workplace? If not ask your supervisor or operations manager. #Retail,0
quarantine,all over the world,#wired #business Reddit Will Now Quarantine Offensive Content ,0
rainstorm,Federal Capital Territory,Rainstorm Destroys 600 Houses In Yo | iReporter  via,1
seismic,garowe puntland somalia,Oil and Gas Exploration ,0
blown%20up,Cosmic Oneness,this is the first time a tweet has blown up almost half a day later... RE ,0
apocalypse,,will there be another jocelyn birthday apocalypse,0
buildings%20on%20fire,Reading UK,So my band Buildings on Fire are playing this Wednesday with  #rdg,0
fire%20truck, Nevada Carson City;Freeman St,rgj: Truck trailer catches fire in Reno ,1
drought,Canada,CANADA BC DROUGHT: Okanagan region issued Level 4 rating - Okanagan River (Columbia trib) fishing suspended to Sep 30,1
flood,Waddesdon,Chinese rescue team arrives in Myanmar to help flood victims  Sittway ,1
apocalypse,Buffalo NY,There's a Storm over Cairo in the latest 'X-Men Apocalypse' set photo  via ,1
emergency,Phoenix,God forbid anyone in my family knows how to answer a phone. I need new emergency contacts.,0
panic,,Panic attacks are the worst ????,0
thunder,,The thunder shook my house woke my sister and made car alarms go off ????,1
sandstorm,USA,Watch This Airport Get Swallowed Up By A Sandstorm In Under A Minute ,1
sinkhole,Newcastle,"Sinkhole leaking sewage opens in housing estate
Irish Independent-3 Aug 2015",1
typhoon,,Price of vegetables rises on Typhoon Soudelor concerns ,1
blizzard,Ontario Canada,My mic and controllers aren't working one second,0
sinking,Haarlem,INVESTMENT NEWS Keurig Green Mountain Inc. Third-Quarter Earnings: Shares Sinking After-Hours - Stocks in the NewÛ_ ,0
obliterated,Reading MA,Drunk Meals 101: What To Cook When You're Totally Obliterated,0
radiation%20emergency,LP; MN USA, Nuclear Emergency Current USA radiation levels monitoring site,0
emergency%20plan,Somewhere in the Canada,City of Calgary activates Municipal Emergency Plan - ,1
cyclone,,BBC Forced To Retract False Claims About Cyclone Pam  via ,1
quarantined,Poplar; London,can't DL a patch to fix the error in symantec as it's quarantined the computer ergo stopped all wireless exchange. lol technology ??,0
hailstorm,far away,Calgary news weather and traffic for August 5 * ~ 90,0
sandstorm,Tractor land aka Bristol,I can't listen to Darude Sandstorm without expecting airhorns now,0
blood,International,If it wasn't for the Blood! ????,0
typhoon,,Typhoon Soudelor: When will it hit Taiwan ÛÒ and how bad will it be? #GeneralNews ,1
fire,University of South Florida,It may seem like our fire has been a little burnt out....,0
body%20bag,Missouri; USA,Check out Ameribag Healthy Back Bag Shoulder Cross Body Backpack Khaki Tan Beige Nylon  ,0
blight,London,what is double result live on the app?,0
bloody,,infected bloody ear piercings are always fun??,0
derail,at my home,BBC News - India rail crash: Trains derail in Madhya Pradesh flash flood ,1
sinking,,I feel so bad for them. I can literally feel that feeling of your heart sinking bc you didn't get anyone ugh jfc,0
obliterated,,Poway hcg diet- ensures mole obliterated whensoever nevermore comes above: sizYgwWF,0
ruin,MNL,Yes Yes! I will. I dont wanna ruin my life. Lol,0
tornado,,Hey let's challenge then to a tornado tag tlc match. Winner take all.,0
blizzard,United States,BRUH,0
quarantined,Dunwoody; GA,okay the cat has been quarantined in my bathroom...its meowing really loud but I turned up the TV louder...things just might work out okay,0
injury,,incident with injury:I-495  inner loop Exit 31 - MD 97/Georgia Ave Silver Spring,1
collide,,i just remember us driving and singing collide together,0
casualty,Nairobi,Train derailment: In Patna no news of any casualty so far ,1
hail,Watch Those Videos -,pull up Holmes!,0
loud%20bang,,need to work in an office I can bang all my fav Future jams out loud,0
sunk,,Once upon a time the fact that I decided to go to university 7 hours away actually sunk in,0
screamed,Trumann; Arkansas,26 people have screamed right in my ear this week at camp. TWENTY-SIX! And we still have 1/2 day left. #CedarGlade2015,0
storm,Johns Creek; GA,this storm????,0
dust%20storm,,Let it be gone away like a dust in the wind .... Big Wind like a Tornado with Blizzard Thunder and Storm its that what I always want it,0
obliterate,Dover; DE,This makes sense. Paper beats rock paper comes from wood so wood should be able to support and obliterate rock.,0
crush,EastAtlanta ??#WestGeorgia'18,WCE I can't even lie even tho I can't stand her she still will always be my crush ?? ,0
meltdown,IL,OMG I remember the meltdown the day I did her hair like ELSA and not ANNA.... OHHHH THE HORROR!!! LOL #tangletalk,0
obliteration,Merica!,There aren't many Obliteration servers but I always like to play when there are :D,0
displaced,,#KCA #VoteJKT48ID 12News: UPDATE: A family of 3 has been displaced after fired damaged housed near 90th and Osborn. Fire extinguished no iÛ_,1
siren,New York,WHELEN MODEL 295SS-100 SIREN AMPLIFIER POLICE EMERGENCY VEHICLE - Full read by eBay,0
wrecked,6,lol. U got wrecked,0
refugees,EspaÌ±a,'Couple spend wedding day feeding 4000 Syrian refugees. http://t.Û_  see more,0
emergency,World,Setting Up An Emergency Fund In 3 Easy Steps: You never know when a surprise expense will pop up. So work up t...,0
obliteration,Turkmenistan,For maximum damage! Activate [BIG BAND MODE] for old-timey obliteration!,0
snowstorm,This Is Paradise. Relax. ,"ÛÏEveryone Here: Ahh I hate snow!

Me: Lol u call this a snowstorm..?

#growingupincoloradoÛ",1
destroy,,Get a 50 Eur free bet at BWIN to use on all sports markets #Destroy #Free,0
crashed,Kingswinford,I just nearly crashed my car typing 'Paul Rudd attacked by flying ants' into notes on my phone.,0
sandstorm,The Sanctuary Network; Rome,[[Is it Darude Sandstorm?]],0
wounded,Suva; Fiji Islands.,GENERAL AUDIENCE: On Wounded Families | ZENIT - The World Seen From Rome ,0
emergency%20services,Olympia; WA,We're #hiring! Read about our latest #job opening here: Emergency Department Psychiatric RN (.90 FTE Day) -,0
buildings%20burning,Mackay; QLD; Australia,Mmmmmm I'm burning.... I'm burning buildings I'm building.... Oooooohhhh oooh ooh...,1
collapsed,Eugene; Oregon,Roof collapsed a bowling alley many in the community remember going to for more than 30 years,1
deluge,United Kingdom,ah. I was awash with abstract Dustpig tweets then. Explains the deluge.,0
hazard,,Yeah I don't think he's elite either I think Hazard is the better player too. But not by much,0
survive,? icon by @Hashiren_3 ?,IT'S IMPOSSIBLE FOR ME TOO WW like i can't survive a day without meat wew,0
crushed,,this Popeyes bout to get crushed ??,0
hazardous,Canada,Skinny Jeans are Hazardous for Your Health! #socialnews ,0
sirens,Philippines,A Rocket To The Moon  ? Sleeping With Sirens ?A Rocket To The Moon ????????????,0
accident,North Carolina,I-77 Mile Marker 31 South Mooresville  Iredell Vehicle Accident Ramp Closed at 8/6 1:18 PM,1
trapped,????s ?? ????Ìø????Ì¡a,(?EudryLantiqua?) Hollywood Movie About Trapped Miners Released in Chile: 'The 33' Holly...  (?EudryLantiqua?),0
hurricane,,happy birthday big Bruh,0
explode,,Bore him with minutiae serve bad champagne. He may just explode.,0
mudslide,Memphis; TN,Oso Washington Mudslide Response Interview ÛÒ Part 1,0
body%20bag,New York,Louis Vuitton Monogram Sophie Limited Edition Clutch Cross body Bag - Full read by eBay  ,0
whirlwind,Frostburg,HELP I'M IN A WHIRLWIND OF NOSTALGIA,0
damage,,It's crazy how a phone can do so much damage to a person,0
bridge%20collapse,Buscame EL tu Melte,2 Injured 1 missing in bridge collapse in central Mexico,1
traumatised,,so traumatised im ???? ,1
ablaze,,Barbados #Bridgetown JAMAICA ÛÒ Two cars set ablaze: SANTA CRUZ ÛÓ Head of the St Elizabeth Police Superintende...  ,1
blaze,Temecula; CA,Pendleton media office said only fire on base right now is the Horno blaze.,1
forest%20fires,,#NaturalDisasters As California fires rage the Forest Service sounds the alarm about rising wildfire costs: Û_...  ,1
wild%20fires,,My brother-n-law riooooos got the call to head up north and fight the wild fires. Dudes a beast atÛ_ ,1
floods,,Memphis always floods,0
curfew,,thank you. ?? now I don't have a city wide curfew. ????,0
blizzard,,Market News: Activision Blizzard Cognizant Technology First Solar ,0
screamed,Adventuring in Narnia,I just screamed to the world how much I love My Little Pony ??,0
collide,Fort Smith; AR,Students COLLIDE this Fri/Sat - register  #nlccollide ,0
drought,Caribbean,"Heat wave is relentless:  91å¡F Feels Like 100 Humidity 55% +
relentless drought too: now Dominicana. I know is worse in other places.",1
blizzard,,SEAN END CAREER sG Blizzard vs KNOCKOUT ... ,0
demolish,South Africa,Yea so I'm gonna demolish all those boundaries that I seem to have 'unconsciously' set for myself with negative thoughts!,0
nuclear%20reactor,,Err:509,0
emergency,Melbourne; Australia,From Lean Thinking for Quicker Police Emergency Response Time ,0
destroy,New York City,Watch These Super Strong Magnets Destroy Everyday Objects:  ,0
tsunami,,worry about yourself,0
debris,Hong Kong,Plane debris is from missing MH370,1
trauma,Methville; CA,Trauma Team needs to come to the American E-shop.,0
rubble,Spain - China - Latin America.,China's Stock Market Crash: Are There Gems In The Rubble?: ChinaÛªs stock market crash this summer h...  by .Forbes,0
crash,,Photoshop Tools Crash Course - Complete Photoshop Tool Guide  #course ,0
ruin,Yulee; FL,Just wait until your friends at #MTA ruin it #Sorrybutitstrue,0
heat%20wave,USA,Heat wave in WB heavy losses and no compensations (report) -   (via PalinfoEn)   #Palestine,1
aftershock,Switzerland,320 [IR] ICEMOON [AFTERSHOCK] |  | | #Dubstep #TrapMusic #DnB #EDM #Dance #IcesÛ_,0
wildfire,Lancaster California,The Latest: More homes razed by Northern California wildfire - LancasterOnline  #Lancaster,1
mudslide,Co. Tyrone Northern Ireland,Looks like a mudslide and tastes like rubber oh how I love the bake off! #britishbakeoff #paulhollywood,0
dust%20storm,The Harbinger.,Moved in a crescent formation small trails of dust left in their wake as they moved.,0
obliteration,,What a win by Kerry. 7-16..... #obliteration,0
crashed,Pakistan,Maj Muzzamil Pilot Offr of MI-17 crashed near Mansehra today.,1
demolition,,more like demolition derby ??,0
blood,???,Private thirsty night?SAD BLOOD ROCK'N ROLL? #??,0
evacuation,USA,Bend Post Office roofers cut gas line prompt evacuation - ,1
mudslide,plymouth,looks like mudslide????,0
bridge%20collapse,Playa del Carmen; Mexico,Two giant cranes holding a bridge collapse into nearby homes ,1
landslide,i got 1/13 menpa replies; omg,*nominates self but wins by a landslide* ,0
lava,,contemplating going to chilis just to get a molten lava cake ....??,0
wildfire,,Drones Under Fire: Officials Offer $75000 Reward Leading To Pilots Who Flew Over Wildfire  #photography #arts,1
evacuated,Harpurhey; Manchester; UK,Trafford Centre film fans angry after Odeon cinema evacuated following false fire alarm   ,0
attack,Selena | Britney | Hilary,Demi stans really think Heart Attack sold 5/6 million copies ??,0
desolate,ÌÏT: 33.209923;-87.545328,If this ATL to San Fran flight goes down in a  desolate square state it's been real Twitter.,0
blown%20up,The Grey Area,On #ThisDayInHistory in 1862 Confederate ship blown up by crew. Read More  via,1
screams,,So just followed me and I cannot contain my screams of joy! #Thankyou! ??????????,0
obliterated,Upstairs.,It's the closest structure to the hypo centre that wasn't completely obliterated.,1
trauma,Chicago; Illinois,80 faculty members pushing university to overturn ban of trauma center protesters,1
storm,,FINALLY a storm,1
collided,,The 2 cars right in front of me collided and If I hadnt stopped in time it would've been me too.,1
crushed,Conroe; TX,ouch Clelli....you could almost hear their hopes and dreams being crushed !,0
exploded,zboyer@washingtontimes.com,Kai Forbath just demolished a weather station set up on a drill field with a missed field goal. Thing just exploded into metal bits.,1
burning,Spokane; Washington 99206,Parents are taking their kids to Burning Man and one 11 year old thinks it's 'better than...,0
refugees,Warri,Cameroon Repatriated 12000 Nigerian Refugees,1
injured,,how come scott rice doesn't get another shot. Holding lefties to a 184. average. Is he injured?,0
rescue,Toronto; Ontario,UD: Rescue (Structural Collapse) - Scott Road Ypres Road York (14 Trucks),1
dust%20storm,Marrakech MÌ©dina; Marrakech - Tensift - Al Haouz,There's a big storm brewing dark clouds thunder and rain carrying thick dust. This could be interesting.,1
sunk,In your mind,The feeling of lonelyness has sunk into me strange depressing feeling.,0
rescue,Sand springs oklahoma,Last Chance Animal Rescue has 3 new posts.  #animalrescue |,0
wrecked,,#news Cramer: Iger's 3 words that wrecked Disney's stock  #til_now #CNBC,0
flames,New York,*NEW* Snap On Tools Black baseball Hat/Cap Silver/Gray Embroidered S Logo Flames - Full reÛ_  ,0
drought,Spokane; WA,Worried about how the CA drought might affect you? Extreme Weather: Does it Dampen Our Economy? ,1
sinkhole,Newcastle,"150-Foot Sinkhole Opens in Lowndes County Residential Area
WCTV-35 minutes ago",1
crash,Kenton; Ohio,I'll crash it,0
buildings%20burning,,all illuminated by the brightly burning buildings all around the town!,0
chemical%20emergency,London,.Stop upsetting this bee! Listen to science not chemical companies #savebees  ,0
wrecked,,James Kunstler: How bad architecture wrecked cities  #residualincome #mlm ,0
wreckage,Maharashtra,Wreckage 'Conclusively Confirmed' as From MH370: Malaysia PM: Investigators and the families of those who were...,1
arsonist,America,If you don't have anything nice to say you can come sit with me.,0
collision,North Highlands; CA,Traffic Collision - Ambulance Enroute: Elkhorn Blvd at Walerga Rd Sacramento ,1
chemical%20emergency,Colombia,Nueva favorita: EmergeNCY feat. The Chemical Brothers / My Bits  ,0
wounds,iPhone: 33.104393;-96.628624,post a pic of your wounds please,0
injuries,Toronto,All injuries Pre Foster/Floyd. Those will be covered next week. ,0
drowned,Jacksonville Beach; FL,Jacksonville  family bands together as memorial is planned for  ... ,1
blazing,,Bit pacquiao vs marquez 3 unfilled blazing swarm online: DuRvOd,0
violent%20storm,Barbados,Dramatic Video Shows Plane Landing During Violent Storm ,1
hail,antoine fisher ,man you kno I'm there !,0
wrecked,Robin Hood's County ,late night mcdonalds with friends = hilarious although my car is wrecked and there's half a steak pastie in the industrial estate,0
quarantined,,Officials: Alabama home quarantined over possible Ebola case - Washington Times,1
crashed,Gujranwala; Pakistan,Maj Muzzamil Pilot Offr of MI-17 crashed near Mansehra today. May Almighty give strength to family to bear the loss,1
deluge,Australia,WA smiles after July deluge - The West Australian  via ,0
airplane%20accident,19.600858; -99.047821,Experts in France begin examining airplane debris found on Reunion Island: French air accident experts o...  #news,1
hazardous,Muntinlupa City; Philippines,Also pls help us w/ our campaign to warn the public about the hazardous keratin treatments. The Brazilian Blowout COPYCATS,0
drowned,,HOPE THE DROWNED ,0
derailed,,Relief train carrying survivors of the derailed Janta Express reaches Mumbai via ,1
cliff%20fall,norway,I regress and I slip and I fall off that cliff,0
snowstorm,Neath; South Wales,#NowPlaying Last Smoke Before The Snowstorm by Benjamin Francis Leftwich - hopefully new album coming soon :) ? ,0
attack,,Heart disease prevention: What about secondhand smoke? ,0
volcano,,Eruption of Indonesian volcano sparks transport chaos: In this picture done from video Mount Raung inÛ_  ?,1
twister,Calgary; Alberta,Gail and Russell saw lots of hail at their Dalroy home - they have video of twister 1/2 mile from their home #yyc,1
panicking,,you can stop panicking ??????  ,0
sinking,Duval; WV 25573; USA ?,Do you feel like you are sinking in unhappiness? Take the quiz:  ,0
collapsed,Victoria; British Columbia,I just collapsed in my bed ugh I'm exhausted,0
ruin,Lima; OH,every time I have a really good day someone just has to ruin it,0
blight,PSN: Pipbois ,yes i want to be the new blight leader,0
displaced,Nigeria,Angry Woman Openly Accuses NEMA Of Stealing Relief Materials Meant For IDPs: An angry Internally Displaced wom... ,1
engulfed,,#RaheelSharif is manifesting how one RIGHT man at the helm can save a Sinking Ship engulfed in a Dark-Stormy-Tidal-Sea. Well Done.,1
wounds,Cape Town,and I thought my surgical wounds were healed!!! this weather ain't helping either ):,0
quarantine,VÌ_a LÌÁctea,Reddit Will Now Quarantine Offensive Content: Reddit co-founder and CEO Steve Huffman has unveiled more specif... ,0
accident,Nashville; TN,Accident on I-24 W #NashvilleTraffic. Traffic moving 8m slower than usual.,1
inundated,United States,#tech Data Overload: The Growing Demand for Context and Structure: In a world inundated with information...  #news,0
structural%20failure,Canada,SpaceX Founder Musk: Structural Failure Took Down Falcon 9,1
landslide,,'Since1970the 2 biggest depreciations in CAD:USD in yr b4federal election coincide w/landslide win for opposition',0
collided,,Cyclist who collided with runner on Roanoke greenway wins $300000 civil verdict - Roanoke Times: Cyclist who c...,1
eyewitness,,DK Eyewitness Travel Guide: Denmark: travel guide eBay auctions you should keep an eye on: ,0
rubble,California,China's Stock Market Crash: Are There Gems In The Rubble?  |  ,0
obliterated,don't buy the s*n,Just absolutely obliterated a moth my new purchase is boss,0
drown,East Coast,We all carry these things inside that no one else can see. They hold us down like anchors they drown us out at sea.,0
collide,Medford; NJ,#TheDoolingGroup 2 injured when 2 school buses collide - åÊ #BREAKING: School bus slams into school bus in Bordento...,1
earthquake,,Contruction upgrading ferries to earthquake standards in Vashon Mukilteo - Q13 FOX  #EarthquakeNews,1
fire%20truck,,wild night in the village of pugwash every fire truck is out that the town has which is like a fire truck for every house -population:6,1
wounds,Rutherfordton; NC,Help yourself or those you love who suffer from self-esteem wounds. You can today!  ,0
damage,Texas,Storm damage reported in West Tennessee ,1
natural%20disaster,,Expert Prepper: Financial Collapse Natural Disaster Failed Grid...  ,1
arsonist,,lmao but real live you should go,0
demolished,,trump will get absolutely demolished in a general election.,0
flames,Eastlake; OH,everyone is setting flames upon me,0
injuries,Corpus - Las Vegas - Houston,The injuries are starting!!! Please stay healthy!!! ????????????,0
blazing,Pennsylvania; PA,I still don't know how 8 hours of physical activity in the blazing sun isn't a sport.,0
derailed,DC; frequently NYC/San Diego,Whoa a #wmata train derailed at Smithsonian?,1
hurricane,,My back is so sunburned :(,0
quarantined,,I'm just going to say it. Under the new reddit policy changes I think /r/conspiracy will be quarantined and how that's bad for the truth mÛ_,0
hijacking,Chiyoda Ward; Tokyo,#hot  Funtenna: hijacking computers to send data as sound waves [Black Hat 2015]  #prebreak #best,0
typhoon,,Obama Declares Disaster for Typhoon-Devastated Saipan: Obama signs disaster declaration for Northern Marians after typhoon hits US territory,1
blood,,happy birthday young blood,0
airplane%20accident,italy,airplane crashes on house in Colombia 12 people die in accident,1
drowning,Coasts of Maine & California,Drowning sorrows in Jarmusch vampires.,0
collided,Peterborough; Ont.,#Newswatch: 2 vehicles collided at Lock and Lansdowne Sts in #Ptbo. Emerg crews on their way,1
burning%20buildings,,?? your last retweet you would think the lion saved people from a burning buildings it's not that deep,0
sirens,Greater Los Angeles Bearia,Rappers stop sampling police sirens and start sampling whale song.????,0
twister,Downtown Oklahoma City,My boyfriend wants too see too! #TwisterLovesShania ?????? ,0
blizzard,Houston;  TX,I need this.,0
twister,,Want Twister Tickets AND A CHANCE AT A VIP EXPERIENCE To See SHANIA!!! CLICK HERE: ,0
collided,,I scored 111020 points in PUNCH QUEST stopped when a squeaky bat collided into my skull.,1
wreck,,Wreck with road blockage Woodward Avenue Northbound at Davison in M.S. #shoalstraffic,1
razed,,The Latest: More homes razed by Northern California wildfire -  ,1
destruction,Yooooooo,What's happening? A destruction indeed ,0
bridge%20collapse,,Swiss Kosher Hotel Bridge Collapse Injures Five People -  ,1
,,Father-of-three Lost Control of Car After Overtaking and Collided #BathAndNorthEastSomerset ,1
nuclear%20reactor,USA; North Dakota,Salem 2 nuclear reactor shut down over electrical circuit failure on pump: The Salem 2 nuclear reactor had bee...,1
rescued,,Young children among those rescued from capsized boat off Libya  via ,1
stretcher,hatena bookmark,*New!* Stretcher in 5 min  (by FUJIWARA Shunichiro 2015-08-05) [Technology],0
trouble,Kawartha Lakes; Ontario; Canad,Budget? Oh I am in trouble... but yes I would agree. #GarageSale  ,0
deluged,London,Why are you deluged with low self-image? Take the quiz:  ,1
emergency%20services,Whippany; NJ,Air Group is here to the rescue! We have 24/7 Emergency Service! Learn more about it here -,0
hurricane,@potteratthedisc,Hurricane 30STM quem lembra,1
wild%20fires,Eastern Iowa,Several wild fires have burned a lot of land in California. Here is one of the larger fires.  ,1
,,Forest fire near La Ronge Sask. Canada,1
sinkhole,Greenpoint,We can't because a sinkhole swallowed every taco place in the neighborhood,0
trouble,,The trouble in one of Buffett's favorite sectors ,0
blew%20up,,Queens Gambit went well until Anakin blew up the droid control ship. Oh well still fun! Can't Stop is next! #WBC2015,0
storm,Mackem in Bolton,Every time I buy a bag for life I think I've got 3 days left to live.,0
refugees,,y'all read 12000 Nigerian refugees repatriated from Cameroon,1
detonation,,Ignition Knock (Detonation) Sensor ACDelco GM Original Equipment 213-4678,0
emergency%20services,Henderson; Nevada,Apply now to work for Dignity Health as #RN #Emergency Services Full Time 7a-7:30p Siena Campus in #Henderson #jobs,0
trauma,Los Angeles New York,Author Interview Michele Rosenthal-author of Your Life After Trauma.,0
injury,,incident with injury:I-495  inner loop Exit 31 - MD 97/Georgia Ave Silver Spring,1
hazardous,SWinfo@dot.state.al.us,I-10 EB at MS line update: Offloading the hazardous material is going much slower than expected. Road could stay closed until tomorrow AM.,1
armageddon,middle eastern palace,Tomorrow is the day we start armageddon #preseasonworkouts ????,0
debris,Hamilton; Ontario Canada,"Malaysia seem more certain than France.

Plane debris is from missing MH370",1
structural%20failure,,Investigators rule catastrophic structural failure resulted in 2014 ...,1
meltdown,,Meltdown,0
survived,Texas; USA,I feel like accidents are just drawn to you but I'm happy you've survived all of them. Hope you're okay!!!,0
buildings%20on%20fire,Boston; MA,Three-alarm fire destroys two residential buildings a car in Manchester N.H. on Sunday afternoon ,1
fire,SÌ£o Paulo,Marquei como visto Game of Thrones - 3x5 - Kissed by Fire  #bancodeseries,0
evacuate,LA - everywhere,Jay and alexis broke up there goes all your faith and goals people... evacuate yourself,0
army,,Beyonce Is my pick for  Fan Army #Beyhive  72,0
crushed,Liberty Lake; WA,'13 M. Chapoutier Crozes Hermitage so much purple violets slate crushed gravel white pepper. Yum #france #wine #DC,0
sandstorm,,Watch This Airport Get Swallowed Up By A Sandstorm In Under A Minute ,1
mudslide,Birmingham & Bristol,'It looks like a mudslide' poor thing! ?? #greatbritishbakeoff,1
forest%20fires,,Q: Why do ducks have big flat feet? A: To stamp out forest fires. Q: Why do elephants have big flat feet? A: To stamp out flaming ducks.,0
earthquake,California; USA,USGS EQ: M 0.6 - 8km SSW of Anza California: Time2015-08-06 01:26:24 UTC2015-08-05 18:26:24 -07:0...  #EarthQuake,1
floods,,69 lost in Myanmar floods 250000 affected  |,1
flattened,,hide your kids hide your wife. He's on the loose. I thought I flattened you with a ball ????,0
screaming,Daddy Kink Central,SCREAMING,0
attack,Global,[infowars]  Nashville Theater Attack: Will Gun Grabbers Now Demand ÛÏHatchet Control?Û  #nwo,1
debris,772 Temperance Permenence,Discovered Plane Debris Is From Missing Malaysia Airlines Flight 370 | TIME,1
derail,#MadeInNorthumberland,Various issues fail to derail homes bid ,0
sinking,Sacramento,After a Few Years Afloat Pension Plans Start Sinking Again ,0
,,All residents asked to 'shelter in place' are being notified by officers. No other evacuation or shelter in place orders are expected,1
emergency,Wildomar; CA,When your child needs emergency care they can be seen in our Emergency Department by Specialists! ,0
blown%20up,kisumu,"LONER DIARIES.

The patterns  on the sand
May have been blown away.
The photos in twos
All choked up in flames.... ",0
eyewitness,Philippines,Read an eyewitness account from #Hiroshima from this day in 1945  #LIFE,0
detonate,Paname City,Apollo Brown - Detonate (ft. M.O.P.) ,0
quarantined,,"oc73x mhtw4fnet

Officials: Alabama home quarantined over possible Ebola case - Washington Post",1
heat%20wave,,I'm in the middle of a humid heat wave and a patch on my forehead flared up. I take olive oli extract and 4 tbs olive oil,0
razed,,Former Freedom Surf/Spa Razed to Make Way for New Homes ,0
trapped,St Louis; MO,its a panda trapped in a dogs body,0
derailment,India,Helping Hand: In Mumbai 2 TTEs take charge of helpline to calm anxious relatives - The Indian Exp...  MumbaiTimes,1
hail,Calgary; AB,heavy rain and hail,1
wild%20fires,Madrid,In Europe nature is kind while in US they have tornados hurricanes wild fires earthquakes flash floods mega snow droughts.,0
thunderstorm,,Severe Thunderstorm Warning issued August 05 at 9:31PM CDT until August 05 at 10:15PM CDT by NWS,1
snowstorm,,"

I've still got some of the snowstorm/hailstorm!",1
attack,,  Nashville Theater Attack: Will Gun Grabbers Now Demand ÛÏHatchet Control?Û,1
destroyed,todaysbigstock.com,Media stocks are getting destroyed (DIS FOXA CMCSA SNI AMCX VIAB VIA TWX) ,0
crushed,bahstun/porta reeko,Papi absolutely crushed that ball,0
bridge%20collapse,,2 Injured 1 missing in bridge collapse in central Mexico - Fox News Latino,1
exploded,,#news #science London warship exploded because sailors were recycling artillery cartridges...  #life #tech,1
windstorm,,IJ: Texas Seeks Comment on Rules for Changes to Windstorm Insurer ,0
tornado,Dindigul;TamilNadu.,"Photo of the Day: Storm
Chaser

#photography #pod",0
emergency%20plan,204; 555 11 Ave. S.W.,The Municipal Emergency Plan is now in effect. Stay safe everyone! #abstorm #yyc ,1
damage,Pontevedra; Galicia,#NP Metallica - Damage Inc,0
hazardous,,#dam #gms Olap #world pres:  How To Recognize A Hazardous Waste And The Multidimensional ,1
destroyed,USA,Black Eye 9: A space battle occurred at Star O784 involving 2 fleets totaling 3942 ships with 13 destroyed,0
body%20bagging,Global,Drake Body Bagging Meek. He must of hit a sensitive spot talking about a 'ghostwriter.' He trying 2 end his career.,0
thunder,,I love the sound of thunder rumbling across the mountains.,0
dust%20storm,,How to Survive a Dust Storm ,1
flooding,Vietnam,Cuban leader extends sympathy to Vietnam over flooding at ,1
hazardous,Muntinlupa City; Philippines,Also pls help us w/ our campaign to warn the public about the hazardous keratin treatments. The Brazilian Blowout COPYCATS.,0
hail,Paradise City,all hail the Cloud,0
aftershock,Hermosa Beach; CA,Tried orange aftershock today. My life will never be the same,0
collide,Yadkinville; NC,This setlist from this past Sunday was powerful! What song was your favorite? ,0
trapped,Orlando,Hollywood Movie About Trapped Miners Released in Chile: 'The 33' Hollywood movie about trapped miners starring...,0
cyclone,Sioux Falls; SD,Excited for Cyclone football ,0
engulfed,USA,Car engulfed in flames backs up traffic at ParleyÛªs Summit ,1
screams,W.I.T.S Academy,*screams*,0
panicking,UK,I may be panicking a little I wasn't as fast submitting the form as I usually am,0
accident,,8/6/2015PM: TRAFFIC ACCIDENT NO INJURY at 2781 WILLIS FOREMAN RD,1
harm,10-Jul,what's the harm?? they're collectibles,0
army,,5 Seconds of Summer Is my pick for  Fan Army #5SOSFAM,0
burned,,"more like coffee and noodles 

Burned",0
wrecked,TN,On the bright side I wrecked ,0
seismic,the azure cloud,New post from 3 Major Challenges of Channel Sales Enablement,0
harm,,'But right now you're only annoyed by them. If you actually hung out with them you'd see that they mean no harm.' ,0
tsunami,COMING SOON,ESH PLEASE OKAY!,0
wreckage,Mumbai,Wreckage 'Conclusively Confirmed' as From MH370: Malaysia PM: Investigators and the families of those who were...,1
emergency,New Orleans; LA,Emergency Dispatchers in Boone County in the hot seat ,0
annihilation,Yeezy Taught Me ; NV,can you please sign and share this petition to save wild horses in Arizona.  ????,0
snowstorm,Manchester,it won't let me as you don't follow me,0
crashed,Islamabad,Army sources say 12 persons on board including a team of doctors die in helicopter crashed near Mansehra. weather seems to be cause of crash,1
tornado,Gurgaon; Haryana. ,#TornadoGiveaway åÊ #thebookclub åÊ Join in!!  ,0
blight,Detroit; MI; United States,"Article by Michael Jackman at Metro Times Detroit:
The group later downgraded the estimate to 37 square miles of...",0
flattened,Derby,He’s literally just picked up her new car today and flattened the battery already trying to sort out the Bluetooth,0
disaster,Los Angeles; London; Kent,I forgot to bring chocolate with me. Major disaster.,0
collided,Traverse City; MI,Bicycle-SUV accident in Mesick: Police say that the bicyclist entered onto West M-115 and collided with a boat...,1
quarantine,USA,Reddit Will Now Quarantine OffensiveÛ_  #onlinecommunities #reddit #amageddon #freespeech ,0
mudslide,Edinburgh,ooh now I feel guilty about wishing hatman out. I bet the mudslide was delicious!,0
tsunami,but i love kaylen ??,I hope this tsunami clears b4 i have to walk outside to my car ????,1
armageddon,Nowhere. Everywhere.,LetÛªs talk some more about your goof guild Saunders. Come right up here on stage. ,0
hijacking,Japan,#hot  Funtenna: hijacking computers to send data as sound waves [Black Hat 2015]  #prebreak #best,1
hurricane,,HWRF absolutely lashes Taipei with Hurricane force winds High Storm Surge and 20' of rain. Not good news at all!!!,1
collapse,Sandton; South Africa,SA MP. Steel and ferrochrome industry on verge of collapse. You don't even put that on list of questions to president for oral answer,0
,,Heat wave warning aa? Ayyo dei. Just when I plan to visit friends after a year.,1
drowning,,The Drowning Girl by Caitlin R. Kiernan Centipede Press Signed numbered Limited - Full reÛ_  ,0
forest%20fires,Lansdale;Pennsylvania,U.S. Forest Service says spending more than half of budget on fires: By Ian SimpsonÛ_ ,1
derailment,Mumbai (India),Madhya Pradesh Train Derailment: Village Youth Saved Many Lives,1
blaze,,looks like a year of writing and computers is ahead. ,0
blew%20up,USA/SO FLORIDA via BROOKLYN NY,The 1st time someone blew up my phone 30 times they would be blocked. Believe it.  #Catfish,0
evacuate,,CHICAGO (AP) ÛÓ Organizers of Lollapalooza say they are reopening the music festival after the threat of a storm prompted them to evacuate,1
crashed,Victoria; Tx.,Intact+MH370+Part+Lifts+Odds+Plane+Glided+Not+Crashed+Into+Sea  via for answers.,1
first%20responders,,Juneau Empire - First responders turn out for National Night Out ,0
buildings%20on%20fire,UK,Those two buildings are on fire,1
derailment,India,Madhya Pradesh Train Derailment: Village Youth Saved Many Lives,1
quarantined,,Alabama firefighters quarantined after possible Ebola exposure  reports ,1
emergency,Sacae Plains,in BOTH 'peacetime and times of national emergency.',0
ruin,MÌ©rida; YucatÌÁn,babe I'm gonna ruin you if you let me stay,0
razed,,The Latest: More homes razed by Northern California wildfire -  ,1
sandstorm,,Now playing: Darude - Sandstorm - radio edit  ,0
oil%20spill,Central Coast; California,Plains All American Pipeline company may have spilled 40% more crude oil than previously estimated #KSBYNews,1
detonation,,New SMP Ignition Knock (Detonation) Sensor KS315,0
trapped,London; England,you feel trapped innit ??,0
rescued,,Britons rescued amid Himalaya floods (  ,1
bridge%20collapse,,Ashes 2015: Australia collapse at Trent Bridge - how Twitter reacted,1
inundated,Asia,As a result of heavy rains in #Bangladeshaffected lands are inundated by flood waters-land looks like rivers at high tide #BangladeshFlood,1
,,What's up man?,0
landslide,,#landslide while on a trip in #skardu ,0
windstorm,,Reality Training: Train falls off elevated tracks during windstorm  #fire #ems,1
sandstorm,,A sandstorm in Jordan has coated the Middle EastÛªs largest refugee camp in a layer of grit  ,1
ablaze,San Francisco,what time does your talk go until? I don't know if I can make it due to work.,0
ruin,London / Birmingham,Im so anxious though because so many ppl will me watching me meet them and that makes me uncomfortable BUT I CANT LET THAT RUIN THE MOMENT,0
whirlwind,pettyville; usa,this week has been a whirlwind but this  is exactly what i imagined the nyc version of my career to be like,0
rescue,Toronto; Ontario,UD: Rescue (Structural Collapse) - Scott Road Ypres Road York (14 Trucks),1
drowning,Coventry,Why are you drowning in low self-image? Take the quiz:  ,0
